ParsedClass,FieldName,ExtractClass,ExtractMethod,IsReference,StyleableAttr,IsFromBundle,BundleKey,IsMetaData,SourceMethod
PackageParser$Package,mVersionCode,TypedArray,getInteger,false,index_1,false,,false,"<android.content.pm.PackageParser: android.content.pm.PackageParser$Package parseBaseApk(java.lang.String,android.content.res.Resources,android.content.res.XmlResourceParser,int,java.lang.String[])>"
PackageParser$Package,mVersionCodeMajor,TypedArray,getInteger,false,index_11,false,,false,"<android.content.pm.PackageParser: android.content.pm.PackageParser$Package parseBaseApk(java.lang.String,android.content.res.Resources,android.content.res.XmlResourceParser,int,java.lang.String[])>"
PackageParser$Package,baseRevisionCode,TypedArray,getInteger,false,index_5,false,,false,"<android.content.pm.PackageParser: android.content.pm.PackageParser$Package parseBaseApk(java.lang.String,android.content.res.Resources,android.content.res.XmlResourceParser,int,java.lang.String[])>"
PackageParser$Package,mVersionName,XmlPullParser,getAttributeValue,false,dynamic,false,,false,"<android.content.pm.PackageParser: boolean parseBaseApkChild(android.content.pm.PackageParser$Package,android.content.res.Resources,android.content.res.XmlResourceParser,int,java.lang.String[])>"
PackageParser$Package,coreApp,AttributeSet,getAttributeBooleanValue,false,dynamic,false,,false,"<android.content.pm.PackageParser: android.content.pm.PackageParser$Package parseBaseApk(java.lang.String,android.content.res.Resources,android.content.res.XmlResourceParser,int,java.lang.String[])>"
PackageParser$Package,mCompileSdkVersion,TypedArray,getInteger,false,index_9,false,,false,"<android.content.pm.PackageParser: android.content.pm.PackageParser$Package parseBaseApk(java.lang.String,android.content.res.Resources,android.content.res.XmlResourceParser,int,java.lang.String[])>"
PackageParser$Package,mCompileSdkVersionCodename,TypedArray,getNonConfigurationString,false,index_10,false,,false,"<android.content.pm.PackageParser: android.content.pm.PackageParser$Package parseBaseApk(java.lang.String,android.content.res.Resources,android.content.res.XmlResourceParser,int,java.lang.String[])>"
PackageParser$Package,mSharedUserId,TypedArray,getNonConfigurationString,false,index_0,false,,false,"<android.content.pm.PackageParser: android.content.pm.PackageParser$Package parseBaseApkCommon(android.content.pm.PackageParser$Package,java.util.Set,android.content.res.Resources,android.content.res.XmlResourceParser,int,java.lang.String[])>"
PackageParser$Package,mSharedUserLabel,TypedArray,getResourceId,true,index_3,false,,false,"<android.content.pm.PackageParser: android.content.pm.PackageParser$Package parseBaseApkCommon(android.content.pm.PackageParser$Package,java.util.Set,android.content.res.Resources,android.content.res.XmlResourceParser,int,java.lang.String[])>"
PackageParser$Package,installLocation,TypedArray,getInteger,false,index_4,false,,false,"<android.content.pm.PackageParser: android.content.pm.PackageParser$Package parseBaseApkCommon(android.content.pm.PackageParser$Package,java.util.Set,android.content.res.Resources,android.content.res.XmlResourceParser,int,java.lang.String[])>"
PackageParser$Package,mOverlayTarget,TypedArray,getString,false,index_1,false,,false,"<android.content.pm.PackageParser: android.content.pm.PackageParser$Package parseBaseApkCommon(android.content.pm.PackageParser$Package,java.util.Set,android.content.res.Resources,android.content.res.XmlResourceParser,int,java.lang.String[])>"
PackageParser$Package,mOverlayTargetName,TypedArray,getString,false,index_3,false,,false,"<android.content.pm.PackageParser: android.content.pm.PackageParser$Package parseBaseApkCommon(android.content.pm.PackageParser$Package,java.util.Set,android.content.res.Resources,android.content.res.XmlResourceParser,int,java.lang.String[])>"
PackageParser$Package,mOverlayCategory,TypedArray,getString,false,index_2,false,,false,"<android.content.pm.PackageParser: android.content.pm.PackageParser$Package parseBaseApkCommon(android.content.pm.PackageParser$Package,java.util.Set,android.content.res.Resources,android.content.res.XmlResourceParser,int,java.lang.String[])>"
PackageParser$Package,mOverlayPriority,TypedArray,getInt,false,index_0,false,,false,"<android.content.pm.PackageParser: android.content.pm.PackageParser$Package parseBaseApkCommon(android.content.pm.PackageParser$Package,java.util.Set,android.content.res.Resources,android.content.res.XmlResourceParser,int,java.lang.String[])>"
PackageParser$Package,mOverlayIsStatic,TypedArray,getBoolean,false,index_4,false,,false,"<android.content.pm.PackageParser: android.content.pm.PackageParser$Package parseBaseApkCommon(android.content.pm.PackageParser$Package,java.util.Set,android.content.res.Resources,android.content.res.XmlResourceParser,int,java.lang.String[])>"
PackageParser$Package,mRealPackage,TypedArray,getString,false,index_6,false,,false,"<android.content.pm.PackageParser: android.content.pm.PackageParser$Package parseBaseApkCommon(android.content.pm.PackageParser$Package,java.util.Set,android.content.res.Resources,android.content.res.XmlResourceParser,int,java.lang.String[])>"
PackageParser$IntentInfo,priority,TypedArray,getInt,false,index_2,false,,false,"<android.content.pm.PackageParser: boolean parseIntent(android.content.res.Resources,android.content.res.XmlResourceParser,boolean,boolean,android.content.pm.PackageParser$IntentInfo,java.lang.String[])>"
PackageParser$IntentInfo,order,TypedArray,getInt,false,index_3,false,,false,"<android.content.pm.PackageParser: boolean parseIntent(android.content.res.Resources,android.content.res.XmlResourceParser,boolean,boolean,android.content.pm.PackageParser$IntentInfo,java.lang.String[])>"
PackageParser$IntentInfo,labelRes,TypedValue,resourceId(field),true,index_0,false,,false,"<android.content.pm.PackageParser: boolean parseIntent(android.content.res.Resources,android.content.res.XmlResourceParser,boolean,boolean,android.content.pm.PackageParser$IntentInfo,java.lang.String[])>"
PackageParser$IntentInfo,icon,TypedArray,getResourceId,true,index_1,false,,false,"<android.content.pm.PackageParser: boolean parseIntent(android.content.res.Resources,android.content.res.XmlResourceParser,boolean,boolean,android.content.pm.PackageParser$IntentInfo,java.lang.String[])>"
PackageParser$IntentInfo,logo,TypedArray,getResourceId,true,index_4,false,,false,"<android.content.pm.PackageParser: boolean parseIntent(android.content.res.Resources,android.content.res.XmlResourceParser,boolean,boolean,android.content.pm.PackageParser$IntentInfo,java.lang.String[])>"
PackageParser$IntentInfo,banner,TypedArray,getResourceId,true,index_5,false,,false,"<android.content.pm.PackageParser: boolean parseIntent(android.content.res.Resources,android.content.res.XmlResourceParser,boolean,boolean,android.content.pm.PackageParser$IntentInfo,java.lang.String[])>"
PackageParser$IntentInfo,autoVerify,TypedArray,getBoolean,false,index_6,false,,false,"<android.content.pm.PackageParser: boolean parseIntent(android.content.res.Resources,android.content.res.XmlResourceParser,boolean,boolean,android.content.pm.PackageParser$IntentInfo,java.lang.String[])>"
metaData,(dynamic:Int),TypedArray,resourceId(field),true,index_2,true,(dynamic:Int),true,"<android.content.pm.PackageParser: android.os.Bundle parseMetaData(android.content.res.Resources,android.content.res.XmlResourceParser,android.os.Bundle,java.lang.String[])>"
ParsedComponentImpl,name,TypedArray,getNonConfigurationString,false,index_2,false,,false,"<com.android.internal.pm.pkg.component.ParsedComponentUtils: android.content.pm.parsing.result.ParseResult parseComponent(com.android.internal.pm.pkg.component.ParsedComponentImpl,java.lang.String,com.android.internal.pm.pkg.parsing.ParsingPackage,android.content.res.TypedArray,boolean,android.content.pm.parsing.result.ParseInput,int,int,int,int,int,int,int)>"
ParsedComponentImpl,icon,TypedArray,getResourceId,true,index_1,false,,false,"<com.android.internal.pm.pkg.component.ParsedComponentUtils: android.content.pm.parsing.result.ParseResult parseComponent(com.android.internal.pm.pkg.component.ParsedComponentImpl,java.lang.String,com.android.internal.pm.pkg.parsing.ParsingPackage,android.content.res.TypedArray,boolean,android.content.pm.parsing.result.ParseInput,int,int,int,int,int,int,int)>"
ParsedComponentImpl,logo,TypedArray,getResourceId,true,index_7|index_5|index_3|index_6,false,,false,"<com.android.internal.pm.pkg.component.ParsedComponentUtils: android.content.pm.parsing.result.ParseResult parseComponent(com.android.internal.pm.pkg.component.ParsedComponentImpl,java.lang.String,com.android.internal.pm.pkg.parsing.ParsingPackage,android.content.res.TypedArray,boolean,android.content.pm.parsing.result.ParseInput,int,int,int,int,int,int,int)>"
ParsedComponentImpl,banner,TypedArray,getResourceId,true,index_9|index_7|index_4,false,,false,"<com.android.internal.pm.pkg.component.ParsedComponentUtils: android.content.pm.parsing.result.ParseResult parseComponent(com.android.internal.pm.pkg.component.ParsedComponentImpl,java.lang.String,com.android.internal.pm.pkg.parsing.ParsingPackage,android.content.res.TypedArray,boolean,android.content.pm.parsing.result.ParseInput,int,int,int,int,int,int,int)>"
ParsedComponentImpl,descriptionRes,TypedArray,getResourceId,true,index_5|index_4|index_-1,false,,false,"<com.android.internal.pm.pkg.component.ParsedComponentUtils: android.content.pm.parsing.result.ParseResult parseComponent(com.android.internal.pm.pkg.component.ParsedComponentImpl,java.lang.String,com.android.internal.pm.pkg.parsing.ParsingPackage,android.content.res.TypedArray,boolean,android.content.pm.parsing.result.ParseInput,int,int,int,int,int,int,int)>"
ParsedComponentImpl,labelRes,TypedValue,resourceId(field),true,index_0,false,,false,"<com.android.internal.pm.pkg.component.ParsedComponentUtils: android.content.pm.parsing.result.ParseResult parseComponent(com.android.internal.pm.pkg.component.ParsedComponentImpl,java.lang.String,com.android.internal.pm.pkg.parsing.ParsingPackage,android.content.res.TypedArray,boolean,android.content.pm.parsing.result.ParseInput,int,int,int,int,int,int,int)>"
ParsedPermissionImpl,backgroundPermission,TypedArray,getNonResourceString,false,index_12,false,,false,"<com.android.internal.pm.pkg.component.ParsedPermissionUtils: android.content.pm.parsing.result.ParseResult parsePermission(com.android.internal.pm.pkg.parsing.ParsingPackage,android.content.res.Resources,android.content.res.XmlResourceParser,boolean,android.content.pm.parsing.result.ParseInput)>"
ParsedPermissionImpl,group,TypedArray,getNonResourceString,false,index_4,false,,false,"<com.android.internal.pm.pkg.component.ParsedPermissionUtils: android.content.pm.parsing.result.ParseResult parsePermission(com.android.internal.pm.pkg.parsing.ParsingPackage,android.content.res.Resources,android.content.res.XmlResourceParser,boolean,android.content.pm.parsing.result.ParseInput)>"
ParsedPermissionImpl,requestRes,TypedArray,getResourceId,true,index_13,false,,false,"<com.android.internal.pm.pkg.component.ParsedPermissionUtils: android.content.pm.parsing.result.ParseResult parsePermission(com.android.internal.pm.pkg.parsing.ParsingPackage,android.content.res.Resources,android.content.res.XmlResourceParser,boolean,android.content.pm.parsing.result.ParseInput)>"
ParsedPermissionImpl,protectionLevel,TypedArray,getResourceId,true,index_11,false,,false,"<com.android.internal.pm.pkg.component.ParsedPermissionUtils: android.content.pm.parsing.result.ParseResult parsePermission(com.android.internal.pm.pkg.parsing.ParsingPackage,android.content.res.Resources,android.content.res.XmlResourceParser,boolean,android.content.pm.parsing.result.ParseInput)>"
ParsedPermissionImpl,flags,TypedArray,getResourceId,true,index_11,false,,false,"<com.android.internal.pm.pkg.component.ParsedPermissionUtils: android.content.pm.parsing.result.ParseResult parsePermission(com.android.internal.pm.pkg.parsing.ParsingPackage,android.content.res.Resources,android.content.res.XmlResourceParser,boolean,android.content.pm.parsing.result.ParseInput)>"
ParsedPermissionImpl,knownCerts,Resources,getStringArray,false,dynamic,false,,false,"<com.android.internal.pm.pkg.component.ParsedPermissionUtils: android.content.pm.parsing.result.ParseResult parsePermission(com.android.internal.pm.pkg.parsing.ParsingPackage,android.content.res.Resources,android.content.res.XmlResourceParser,boolean,android.content.pm.parsing.result.ParseInput)>"
ParsedPermissionImpl,knownCert,TypedArray,getString,false,index_11,false,,false,"<com.android.internal.pm.pkg.component.ParsedPermissionUtils: android.content.pm.parsing.result.ParseResult parsePermission(com.android.internal.pm.pkg.parsing.ParsingPackage,android.content.res.Resources,android.content.res.XmlResourceParser,boolean,android.content.pm.parsing.result.ParseInput)>"
ParsedPermissionGroupImpl,requestDetailRes,TypedArray,getResourceId,true,index_12,false,,false,"<com.android.internal.pm.pkg.component.ParsedPermissionUtils: android.content.pm.parsing.result.ParseResult parsePermissionGroup(com.android.internal.pm.pkg.parsing.ParsingPackage,android.content.res.Resources,android.content.res.XmlResourceParser,boolean,android.content.pm.parsing.result.ParseInput)>"
ParsedPermissionGroupImpl,backgroundRequestRes,TypedArray,getResourceId,true,index_9,false,,false,"<com.android.internal.pm.pkg.component.ParsedPermissionUtils: android.content.pm.parsing.result.ParseResult parsePermissionGroup(com.android.internal.pm.pkg.parsing.ParsingPackage,android.content.res.Resources,android.content.res.XmlResourceParser,boolean,android.content.pm.parsing.result.ParseInput)>"
ParsedPermissionGroupImpl,backgroundRequestDetailRes,TypedArray,getResourceId,true,index_10,false,,false,"<com.android.internal.pm.pkg.component.ParsedPermissionUtils: android.content.pm.parsing.result.ParseResult parsePermissionGroup(com.android.internal.pm.pkg.parsing.ParsingPackage,android.content.res.Resources,android.content.res.XmlResourceParser,boolean,android.content.pm.parsing.result.ParseInput)>"
ParsedPermissionGroupImpl,requestRes,TypedArray,getResourceId,true,index_11,false,,false,"<com.android.internal.pm.pkg.component.ParsedPermissionUtils: android.content.pm.parsing.result.ParseResult parsePermissionGroup(com.android.internal.pm.pkg.parsing.ParsingPackage,android.content.res.Resources,android.content.res.XmlResourceParser,boolean,android.content.pm.parsing.result.ParseInput)>"
ParsedPermissionGroupImpl,priority,TypedArray,getInt,false,index_3,false,,false,"<com.android.internal.pm.pkg.component.ParsedPermissionUtils: android.content.pm.parsing.result.ParseResult parsePermissionGroup(com.android.internal.pm.pkg.parsing.ParsingPackage,android.content.res.Resources,android.content.res.XmlResourceParser,boolean,android.content.pm.parsing.result.ParseInput)>"
ParsedPermissionGroupImpl,flags,TypedArray,getInt,false,index_6,false,,false,"<com.android.internal.pm.pkg.component.ParsedPermissionUtils: android.content.pm.parsing.result.ParseResult parsePermissionGroup(com.android.internal.pm.pkg.parsing.ParsingPackage,android.content.res.Resources,android.content.res.XmlResourceParser,boolean,android.content.pm.parsing.result.ParseInput)>"
ParsedActivityImpl,theme,TypedArray,getResourceId,true,index_0,false,,false,"<com.android.internal.pm.pkg.component.ParsedActivityUtils: android.content.pm.parsing.result.ParseResult parseActivityOrReceiver(java.lang.String[],com.android.internal.pm.pkg.parsing.ParsingPackage,android.content.res.Resources,android.content.res.XmlResourceParser,int,boolean,java.lang.String,android.content.pm.parsing.result.ParseInput)>"
ParsedActivityImpl,uiOptions,TypedArray,getInt,false,index_26,false,,false,"<com.android.internal.pm.pkg.component.ParsedActivityUtils: android.content.pm.parsing.result.ParseResult parseActivityOrReceiver(java.lang.String[],com.android.internal.pm.pkg.parsing.ParsingPackage,android.content.res.Resources,android.content.res.XmlResourceParser,int,boolean,java.lang.String,android.content.pm.parsing.result.ParseInput)>"
ParsedActivityImpl,flags,TypedArray,getInt,false,index_16,false,,false,"<com.android.internal.pm.pkg.component.ParsedActivityUtils: android.content.pm.parsing.result.ParseResult parseActivityOrReceiver(java.lang.String[],com.android.internal.pm.pkg.parsing.ParsingPackage,android.content.res.Resources,android.content.res.XmlResourceParser,int,boolean,java.lang.String,android.content.pm.parsing.result.ParseInput)>"
ParsedActivityImpl,privateFlags,TypedArray,getInt,false,index_16,false,,false,"<com.android.internal.pm.pkg.component.ParsedActivityUtils: android.content.pm.parsing.result.ParseResult parseActivityOrReceiver(java.lang.String[],com.android.internal.pm.pkg.parsing.ParsingPackage,android.content.res.Resources,android.content.res.XmlResourceParser,int,boolean,java.lang.String,android.content.pm.parsing.result.ParseInput)>"
ParsedActivityImpl,colorMode,TypedArray,getInt,false,index_49,false,,false,"<com.android.internal.pm.pkg.component.ParsedActivityUtils: android.content.pm.parsing.result.ParseResult parseActivityOrReceiver(java.lang.String[],com.android.internal.pm.pkg.parsing.ParsingPackage,android.content.res.Resources,android.content.res.XmlResourceParser,int,boolean,java.lang.String,android.content.pm.parsing.result.ParseInput)>"
ParsedActivityImpl,documentLaunchMode,TypedArray,getInt,false,index_33,false,,false,"<com.android.internal.pm.pkg.component.ParsedActivityUtils: android.content.pm.parsing.result.ParseResult parseActivityOrReceiver(java.lang.String[],com.android.internal.pm.pkg.parsing.ParsingPackage,android.content.res.Resources,android.content.res.XmlResourceParser,int,boolean,java.lang.String,android.content.pm.parsing.result.ParseInput)>"
ParsedActivityImpl,launchMode,TypedArray,getInt,false,index_14,false,,false,"<com.android.internal.pm.pkg.component.ParsedActivityUtils: android.content.pm.parsing.result.ParseResult parseActivityOrReceiver(java.lang.String[],com.android.internal.pm.pkg.parsing.ParsingPackage,android.content.res.Resources,android.content.res.XmlResourceParser,int,boolean,java.lang.String,android.content.pm.parsing.result.ParseInput)>"
ParsedActivityImpl,lockTaskLaunchMode,TypedArray,getInt,false,index_38,false,,false,"<com.android.internal.pm.pkg.component.ParsedActivityUtils: android.content.pm.parsing.result.ParseResult parseActivityOrReceiver(java.lang.String[],com.android.internal.pm.pkg.parsing.ParsingPackage,android.content.res.Resources,android.content.res.XmlResourceParser,int,boolean,java.lang.String,android.content.pm.parsing.result.ParseInput)>"
ParsedActivityImpl,maxRecents,TypedArray,getInt,false,index_34,false,,false,"<com.android.internal.pm.pkg.component.ParsedActivityUtils: android.content.pm.parsing.result.ParseResult parseActivityOrReceiver(java.lang.String[],com.android.internal.pm.pkg.parsing.ParsingPackage,android.content.res.Resources,android.content.res.XmlResourceParser,int,boolean,java.lang.String,android.content.pm.parsing.result.ParseInput)>"
ParsedActivityImpl,persistableMode,TypedArray,getInteger,false,index_32,false,,false,"<com.android.internal.pm.pkg.component.ParsedActivityUtils: android.content.pm.parsing.result.ParseResult parseActivityOrReceiver(java.lang.String[],com.android.internal.pm.pkg.parsing.ParsingPackage,android.content.res.Resources,android.content.res.XmlResourceParser,int,boolean,java.lang.String,android.content.pm.parsing.result.ParseInput)>"
ParsedActivityImpl,requestedVrComponent,TypedArray,getString,false,index_43,false,,false,"<com.android.internal.pm.pkg.component.ParsedActivityUtils: android.content.pm.parsing.result.ParseResult parseActivityOrReceiver(java.lang.String[],com.android.internal.pm.pkg.parsing.ParsingPackage,android.content.res.Resources,android.content.res.XmlResourceParser,int,boolean,java.lang.String,android.content.pm.parsing.result.ParseInput)>"
ParsedActivityImpl,rotationAnimation,TypedArray,getInt,false,index_46,false,,false,"<com.android.internal.pm.pkg.component.ParsedActivityUtils: android.content.pm.parsing.result.ParseResult parseActivityOrReceiver(java.lang.String[],com.android.internal.pm.pkg.parsing.ParsingPackage,android.content.res.Resources,android.content.res.XmlResourceParser,int,boolean,java.lang.String,android.content.pm.parsing.result.ParseInput)>"
ParsedActivityImpl,softInputMode,TypedArray,getInt,false,index_20,false,,false,"<com.android.internal.pm.pkg.component.ParsedActivityUtils: android.content.pm.parsing.result.ParseResult parseActivityOrReceiver(java.lang.String[],com.android.internal.pm.pkg.parsing.ParsingPackage,android.content.res.Resources,android.content.res.XmlResourceParser,int,boolean,java.lang.String,android.content.pm.parsing.result.ParseInput)>"
ParsedActivityImpl,configChanges,TypedArray,getInt,false,index_16,false,,false,"<com.android.internal.pm.pkg.component.ParsedActivityUtils: android.content.pm.parsing.result.ParseResult parseActivityOrReceiver(java.lang.String[],com.android.internal.pm.pkg.parsing.ParsingPackage,android.content.res.Resources,android.content.res.XmlResourceParser,int,boolean,java.lang.String,android.content.pm.parsing.result.ParseInput)>"
ParsedActivityImpl,screenOrientation,TypedArray,getInt,false,index_15,false,,false,"<com.android.internal.pm.pkg.component.ParsedActivityUtils: android.content.pm.parsing.result.ParseResult parseActivityOrReceiver(java.lang.String[],com.android.internal.pm.pkg.parsing.ParsingPackage,android.content.res.Resources,android.content.res.XmlResourceParser,int,boolean,java.lang.String,android.content.pm.parsing.result.ParseInput)>"
ParsedActivityImpl,resizeMode,TypedArray,getInt,false,index_16,false,,false,"<com.android.internal.pm.pkg.component.ParsedActivityUtils: android.content.pm.parsing.result.ParseResult parseActivityOrReceiver(java.lang.String[],com.android.internal.pm.pkg.parsing.ParsingPackage,android.content.res.Resources,android.content.res.XmlResourceParser,int,boolean,java.lang.String,android.content.pm.parsing.result.ParseInput)>"
ParsedActivityImpl,maxAspectRatio,TypedArray,getInt,false,index_16,false,,false,"<com.android.internal.pm.pkg.component.ParsedActivityUtils: android.content.pm.parsing.result.ParseResult parseActivityOrReceiver(java.lang.String[],com.android.internal.pm.pkg.parsing.ParsingPackage,android.content.res.Resources,android.content.res.XmlResourceParser,int,boolean,java.lang.String,android.content.pm.parsing.result.ParseInput)>"
ParsedActivityImpl,minAspectRatio,TypedArray,getInt,false,index_16,false,,false,"<com.android.internal.pm.pkg.component.ParsedActivityUtils: android.content.pm.parsing.result.ParseResult parseActivityOrReceiver(java.lang.String[],com.android.internal.pm.pkg.parsing.ParsingPackage,android.content.res.Resources,android.content.res.XmlResourceParser,int,boolean,java.lang.String,android.content.pm.parsing.result.ParseInput)>"
ParsedActivityImpl,requiredDisplayCategory,TypedArray,getNonConfigurationString,false,index_63,false,,false,"<com.android.internal.pm.pkg.component.ParsedActivityUtils: android.content.pm.parsing.result.ParseResult parseActivityOrReceiver(java.lang.String[],com.android.internal.pm.pkg.parsing.ParsingPackage,android.content.res.Resources,android.content.res.XmlResourceParser,int,boolean,java.lang.String,android.content.pm.parsing.result.ParseInput)>"
ParsedActivityImpl,requireContentUriPermissionFromCaller,TypedArray,getInt,false,index_65,false,,false,"<com.android.internal.pm.pkg.component.ParsedActivityUtils: android.content.pm.parsing.result.ParseResult parseActivityOrReceiver(java.lang.String[],com.android.internal.pm.pkg.parsing.ParsingPackage,android.content.res.Resources,android.content.res.XmlResourceParser,int,boolean,java.lang.String,android.content.pm.parsing.result.ParseInput)>"
ParsedIntentInfoImpl,labelRes,TypedValue,resourceId(field),true,index_0,false,,false,"<com.android.internal.pm.pkg.component.ParsedIntentInfoUtils: android.content.pm.parsing.result.ParseResult parseIntentInfo(java.lang.String,com.android.internal.pm.pkg.parsing.ParsingPackage,android.content.res.Resources,android.content.res.XmlResourceParser,boolean,boolean,android.content.pm.parsing.result.ParseInput)>"
ParsedIntentInfoImpl,icon,TypedArray,getResourceId,true,index_1,false,,false,"<com.android.internal.pm.pkg.component.ParsedIntentInfoUtils: android.content.pm.parsing.result.ParseResult parseIntentInfo(java.lang.String,com.android.internal.pm.pkg.parsing.ParsingPackage,android.content.res.Resources,android.content.res.XmlResourceParser,boolean,boolean,android.content.pm.parsing.result.ParseInput)>"
ParsedProviderImpl,syncable,TypedArray,getBoolean,false,index_11,false,,false,"<com.android.internal.pm.pkg.component.ParsedProviderUtils: android.content.pm.parsing.result.ParseResult parseProvider(java.lang.String[],com.android.internal.pm.pkg.parsing.ParsingPackage,android.content.res.Resources,android.content.res.XmlResourceParser,int,boolean,java.lang.String,android.content.pm.parsing.result.ParseInput)>"
ParsedProviderImpl,exported,TypedArray,getBoolean,false,index_7,false,,false,"<com.android.internal.pm.pkg.component.ParsedProviderUtils: android.content.pm.parsing.result.ParseResult parseProvider(java.lang.String[],com.android.internal.pm.pkg.parsing.ParsingPackage,android.content.res.Resources,android.content.res.XmlResourceParser,int,boolean,java.lang.String,android.content.pm.parsing.result.ParseInput)>"
ParsedProviderImpl,readPermission,TypedArray,getNonConfigurationString,false,index_3,false,,false,"<com.android.internal.pm.pkg.component.ParsedProviderUtils: android.content.pm.parsing.result.ParseResult parseProvider(java.lang.String[],com.android.internal.pm.pkg.parsing.ParsingPackage,android.content.res.Resources,android.content.res.XmlResourceParser,int,boolean,java.lang.String,android.content.pm.parsing.result.ParseInput)>"
ParsedProviderImpl,writePermission,TypedArray,getNonConfigurationString,false,index_3,false,,false,"<com.android.internal.pm.pkg.component.ParsedProviderUtils: android.content.pm.parsing.result.ParseResult parseProvider(java.lang.String[],com.android.internal.pm.pkg.parsing.ParsingPackage,android.content.res.Resources,android.content.res.XmlResourceParser,int,boolean,java.lang.String,android.content.pm.parsing.result.ParseInput)>"
ParsedProviderImpl,grantUriPermissions,TypedArray,getBoolean,false,index_13,false,,false,"<com.android.internal.pm.pkg.component.ParsedProviderUtils: android.content.pm.parsing.result.ParseResult parseProvider(java.lang.String[],com.android.internal.pm.pkg.parsing.ParsingPackage,android.content.res.Resources,android.content.res.XmlResourceParser,int,boolean,java.lang.String,android.content.pm.parsing.result.ParseInput)>"
ParsedProviderImpl,forceUriPermissions,TypedArray,getBoolean,false,index_22,false,,false,"<com.android.internal.pm.pkg.component.ParsedProviderUtils: android.content.pm.parsing.result.ParseResult parseProvider(java.lang.String[],com.android.internal.pm.pkg.parsing.ParsingPackage,android.content.res.Resources,android.content.res.XmlResourceParser,int,boolean,java.lang.String,android.content.pm.parsing.result.ParseInput)>"
ParsedProviderImpl,multiProcess,TypedArray,getBoolean,false,index_9,false,,false,"<com.android.internal.pm.pkg.component.ParsedProviderUtils: android.content.pm.parsing.result.ParseResult parseProvider(java.lang.String[],com.android.internal.pm.pkg.parsing.ParsingPackage,android.content.res.Resources,android.content.res.XmlResourceParser,int,boolean,java.lang.String,android.content.pm.parsing.result.ParseInput)>"
ParsedProviderImpl,initOrder,TypedArray,getInt,false,index_12,false,,false,"<com.android.internal.pm.pkg.component.ParsedProviderUtils: android.content.pm.parsing.result.ParseResult parseProvider(java.lang.String[],com.android.internal.pm.pkg.parsing.ParsingPackage,android.content.res.Resources,android.content.res.XmlResourceParser,int,boolean,java.lang.String,android.content.pm.parsing.result.ParseInput)>"
ParsedProviderImpl,flags,TypedArray,getInt,false,index_12,false,,false,"<com.android.internal.pm.pkg.component.ParsedProviderUtils: android.content.pm.parsing.result.ParseResult parseProvider(java.lang.String[],com.android.internal.pm.pkg.parsing.ParsingPackage,android.content.res.Resources,android.content.res.XmlResourceParser,int,boolean,java.lang.String,android.content.pm.parsing.result.ParseInput)>"
ParsedProviderImpl,authority,TypedArray,getNonConfigurationString,false,index_10,false,,false,"<com.android.internal.pm.pkg.component.ParsedProviderUtils: android.content.pm.parsing.result.ParseResult parseProvider(java.lang.String[],com.android.internal.pm.pkg.parsing.ParsingPackage,android.content.res.Resources,android.content.res.XmlResourceParser,int,boolean,java.lang.String,android.content.pm.parsing.result.ParseInput)>"
ParsingPackage,updatableSystem,AttributeSet,getAttributeBooleanValue,false,dynamic,false,,false,"<com.android.internal.pm.pkg.parsing.ParsingPackageUtils: android.content.pm.parsing.result.ParseResult parseBaseApkTags(android.content.pm.parsing.result.ParseInput,com.android.internal.pm.pkg.parsing.ParsingPackage,android.content.res.TypedArray,android.content.res.Resources,android.content.res.XmlResourceParser,int,boolean)>"
ParsingPackage,emergencyInstaller,XmlPullParser,getAttributeValue,false,dynamic,false,,false,"<com.android.internal.pm.pkg.parsing.ParsingPackageUtils: android.content.pm.parsing.result.ParseResult parseBaseApkTags(android.content.pm.parsing.result.ParseInput,com.android.internal.pm.pkg.parsing.ParsingPackage,android.content.res.TypedArray,android.content.res.Resources,android.content.res.XmlResourceParser,int,boolean)>"
ParsingPackage,applicationClassName,TypedArray,getNonConfigurationString,false,index_3,false,,false,"<com.android.internal.pm.pkg.parsing.ParsingPackageUtils: android.content.pm.parsing.result.ParseResult parseBaseApplication(android.content.pm.parsing.result.ParseInput,com.android.internal.pm.pkg.parsing.ParsingPackage,android.content.res.Resources,android.content.res.XmlResourceParser,int,boolean)>"
ParsingPackage,labelResourceId,TypedValue,resourceId(field),true,index_1,false,,false,"<com.android.internal.pm.pkg.parsing.ParsingPackageUtils: android.content.pm.parsing.result.ParseResult parseBaseApplication(android.content.pm.parsing.result.ParseInput,com.android.internal.pm.pkg.parsing.ParsingPackage,android.content.res.Resources,android.content.res.XmlResourceParser,int,boolean)>"
ParsingPackage,fullBackupContentResourceId,TypedValue,data(field),false,index_35,false,,false,"<com.android.internal.pm.pkg.parsing.ParsingPackageUtils: android.content.pm.parsing.result.ParseResult parseBaseApplication(android.content.pm.parsing.result.ParseInput,com.android.internal.pm.pkg.parsing.ParsingPackage,android.content.res.Resources,android.content.res.XmlResourceParser,int,boolean)>"
ParsingPackage,persistent,TypedArray,getBoolean,false,index_8,false,,false,"<com.android.internal.pm.pkg.parsing.ParsingPackageUtils: android.content.pm.parsing.result.ParseResult parseBaseApplication(android.content.pm.parsing.result.ParseInput,com.android.internal.pm.pkg.parsing.ParsingPackage,android.content.res.Resources,android.content.res.XmlResourceParser,int,boolean)>"
ParsingPackage,resizeableActivityViaSdkVersion,TypedArray,getBoolean,false,index_37,false,,false,"<com.android.internal.pm.pkg.parsing.ParsingPackageUtils: android.content.pm.parsing.result.ParseResult parseBaseApplication(android.content.pm.parsing.result.ParseInput,com.android.internal.pm.pkg.parsing.ParsingPackage,android.content.res.Resources,android.content.res.XmlResourceParser,int,boolean)>"
ParsingPackage,taskAffinity,TypedArray,getNonResourceString,false,index_12,false,,false,"<com.android.internal.pm.pkg.parsing.ParsingPackageUtils: android.content.pm.parsing.result.ParseResult parseBaseApplication(android.content.pm.parsing.result.ParseInput,com.android.internal.pm.pkg.parsing.ParsingPackage,android.content.res.Resources,android.content.res.XmlResourceParser,int,boolean)>"
ParsingPackage,appComponentFactory,TypedArray,getNonResourceString,false,index_48,false,,false,"<com.android.internal.pm.pkg.parsing.ParsingPackageUtils: android.content.pm.parsing.result.ParseResult parseBaseApplication(android.content.pm.parsing.result.ParseInput,com.android.internal.pm.pkg.parsing.ParsingPackage,android.content.res.Resources,android.content.res.XmlResourceParser,int,boolean)>"
ParsingPackage,processName,TypedArray,getNonResourceString,false,index_11,false,,false,"<com.android.internal.pm.pkg.parsing.ParsingPackageUtils: android.content.pm.parsing.result.ParseResult parseBaseApplication(android.content.pm.parsing.result.ParseInput,com.android.internal.pm.pkg.parsing.ParsingPackage,android.content.res.Resources,android.content.res.XmlResourceParser,int,boolean)>"
ParsingPackage,gwpAsanMode,TypedArray,getInt,false,index_62,false,,false,"<com.android.internal.pm.pkg.parsing.ParsingPackageUtils: android.content.pm.parsing.result.ParseResult parseBaseApplication(android.content.pm.parsing.result.ParseInput,com.android.internal.pm.pkg.parsing.ParsingPackage,android.content.res.Resources,android.content.res.XmlResourceParser,int,boolean)>"
ParsingPackage,memtagMode,TypedArray,getInt,false,index_64,false,,false,"<com.android.internal.pm.pkg.parsing.ParsingPackageUtils: android.content.pm.parsing.result.ParseResult parseBaseApplication(android.content.pm.parsing.result.ParseInput,com.android.internal.pm.pkg.parsing.ParsingPackage,android.content.res.Resources,android.content.res.XmlResourceParser,int,boolean)>"
ParsingPackage,requestForegroundServiceExemption,TypedArray,getBoolean,false,index_68,false,,false,"<com.android.internal.pm.pkg.parsing.ParsingPackageUtils: android.content.pm.parsing.result.ParseResult parseBaseApplication(android.content.pm.parsing.result.ParseInput,com.android.internal.pm.pkg.parsing.ParsingPackage,android.content.res.Resources,android.content.res.XmlResourceParser,int,boolean)>"
ParsingPackage,overlayTarget,TypedArray,getString,false,index_1,false,,false,"<com.android.internal.pm.pkg.parsing.ParsingPackageUtils: android.content.pm.parsing.result.ParseResult parseOverlay(android.content.pm.parsing.result.ParseInput,com.android.internal.pm.pkg.parsing.ParsingPackage,android.content.res.Resources,android.content.res.XmlResourceParser)>"
ParsingPackage,overlayTargetOverlayableName,TypedArray,getString,false,index_3,false,,false,"<com.android.internal.pm.pkg.parsing.ParsingPackageUtils: android.content.pm.parsing.result.ParseResult parseOverlay(android.content.pm.parsing.result.ParseInput,com.android.internal.pm.pkg.parsing.ParsingPackage,android.content.res.Resources,android.content.res.XmlResourceParser)>"
ParsingPackage,overlayCategory,TypedArray,getString,false,index_2,false,,false,"<com.android.internal.pm.pkg.parsing.ParsingPackageUtils: android.content.pm.parsing.result.ParseResult parseOverlay(android.content.pm.parsing.result.ParseInput,com.android.internal.pm.pkg.parsing.ParsingPackage,android.content.res.Resources,android.content.res.XmlResourceParser)>"
ParsingPackage,sdkLibraryName,TypedArray,getNonResourceString,false,index_0,false,,false,"<com.android.internal.pm.pkg.parsing.ParsingPackageUtils: android.content.pm.parsing.result.ParseResult parseSdkLibrary(com.android.internal.pm.pkg.parsing.ParsingPackage,android.content.res.Resources,android.content.res.XmlResourceParser,android.content.pm.parsing.result.ParseInput)>"
ParsingPackage,sdkLibVersionMajor,TypedArray,getInt,false,index_1,false,,false,"<com.android.internal.pm.pkg.parsing.ParsingPackageUtils: android.content.pm.parsing.result.ParseResult parseSdkLibrary(com.android.internal.pm.pkg.parsing.ParsingPackage,android.content.res.Resources,android.content.res.XmlResourceParser,android.content.pm.parsing.result.ParseInput)>"
ParsingPackage,staticSharedLibraryName,TypedArray,getNonResourceString,false,index_0,false,,false,"<com.android.internal.pm.pkg.parsing.ParsingPackageUtils: android.content.pm.parsing.result.ParseResult parseStaticLibrary(com.android.internal.pm.pkg.parsing.ParsingPackage,android.content.res.Resources,android.content.res.XmlResourceParser,android.content.pm.parsing.result.ParseInput)>"
ParsingPackage,minSdkVersion,TypedValue,data(field),false,index_0,false,,false,"<com.android.internal.pm.pkg.parsing.ParsingPackageUtils: android.content.pm.parsing.result.ParseResult parseUsesSdk(android.content.pm.parsing.result.ParseInput,com.android.internal.pm.pkg.parsing.ParsingPackage,android.content.res.Resources,android.content.res.XmlResourceParser,int)>"
ParsingPackage,targetSdkVersion,TypedValue,data(field),false,index_0,false,,false,"<com.android.internal.pm.pkg.parsing.ParsingPackageUtils: android.content.pm.parsing.result.ParseResult parseUsesSdk(android.content.pm.parsing.result.ParseInput,com.android.internal.pm.pkg.parsing.ParsingPackage,android.content.res.Resources,android.content.res.XmlResourceParser,int)>"
ParsingPackage,maxSdkVersion,TypedValue,data(field),false,index_2,false,,false,"<com.android.internal.pm.pkg.parsing.ParsingPackageUtils: android.content.pm.parsing.result.ParseResult parseUsesSdk(android.content.pm.parsing.result.ParseInput,com.android.internal.pm.pkg.parsing.ParsingPackage,android.content.res.Resources,android.content.res.XmlResourceParser,int)>"
ParsedInstrumentationImpl,targetPackage,TypedArray,getNonResourceString,false,index_3,false,,false,"<com.android.internal.pm.pkg.component.ParsedInstrumentationUtils: android.content.pm.parsing.result.ParseResult parseInstrumentation(com.android.internal.pm.pkg.parsing.ParsingPackage,android.content.res.Resources,android.content.res.XmlResourceParser,boolean,android.content.pm.parsing.result.ParseInput)>"
ParsedInstrumentationImpl,targetProcesses,TypedArray,getNonResourceString,false,index_9,false,,false,"<com.android.internal.pm.pkg.component.ParsedInstrumentationUtils: android.content.pm.parsing.result.ParseResult parseInstrumentation(com.android.internal.pm.pkg.parsing.ParsingPackage,android.content.res.Resources,android.content.res.XmlResourceParser,boolean,android.content.pm.parsing.result.ParseInput)>"
ParsedInstrumentationImpl,handleProfiling,TypedArray,getBoolean,false,index_4,false,,false,"<com.android.internal.pm.pkg.component.ParsedInstrumentationUtils: android.content.pm.parsing.result.ParseResult parseInstrumentation(com.android.internal.pm.pkg.parsing.ParsingPackage,android.content.res.Resources,android.content.res.XmlResourceParser,boolean,android.content.pm.parsing.result.ParseInput)>"
ParsedInstrumentationImpl,functionalTest,TypedArray,getBoolean,false,index_5,false,,false,"<com.android.internal.pm.pkg.component.ParsedInstrumentationUtils: android.content.pm.parsing.result.ParseResult parseInstrumentation(com.android.internal.pm.pkg.parsing.ParsingPackage,android.content.res.Resources,android.content.res.XmlResourceParser,boolean,android.content.pm.parsing.result.ParseInput)>"
ParsedProcessImpl,gwpAsanMode,TypedArray,getInt,false,index_3,false,,false,"<com.android.internal.pm.pkg.component.ParsedProcessUtils: android.content.pm.parsing.result.ParseResult parseProcess(java.util.Set,java.lang.String[],com.android.internal.pm.pkg.parsing.ParsingPackage,android.content.res.Resources,android.content.res.XmlResourceParser,int,android.content.pm.parsing.result.ParseInput)>"
ParsedProcessImpl,memtagMode,TypedArray,getInt,false,index_4,false,,false,"<com.android.internal.pm.pkg.component.ParsedProcessUtils: android.content.pm.parsing.result.ParseResult parseProcess(java.util.Set,java.lang.String[],com.android.internal.pm.pkg.parsing.ParsingPackage,android.content.res.Resources,android.content.res.XmlResourceParser,int,android.content.pm.parsing.result.ParseInput)>"
ParsedProcessImpl,useEmbeddedDex,TypedArray,getBoolean,false,index_2,false,,false,"<com.android.internal.pm.pkg.component.ParsedProcessUtils: android.content.pm.parsing.result.ParseResult parseProcess(java.util.Set,java.lang.String[],com.android.internal.pm.pkg.parsing.ParsingPackage,android.content.res.Resources,android.content.res.XmlResourceParser,int,android.content.pm.parsing.result.ParseInput)>"
ParsedApexSystemServiceImpl,name,TypedArray,getString,false,index_0,false,,false,"<com.android.internal.pm.pkg.component.ParsedApexSystemServiceUtils: android.content.pm.parsing.result.ParseResult parseApexSystemService(android.content.res.Resources,android.content.res.XmlResourceParser,android.content.pm.parsing.result.ParseInput)>"
ParsedApexSystemServiceImpl,minSdkVersion,TypedArray,getString,false,index_3,false,,false,"<com.android.internal.pm.pkg.component.ParsedApexSystemServiceUtils: android.content.pm.parsing.result.ParseResult parseApexSystemService(android.content.res.Resources,android.content.res.XmlResourceParser,android.content.pm.parsing.result.ParseInput)>"
ParsedApexSystemServiceImpl,maxSdkVersion,TypedArray,getString,false,index_4,false,,false,"<com.android.internal.pm.pkg.component.ParsedApexSystemServiceUtils: android.content.pm.parsing.result.ParseResult parseApexSystemService(android.content.res.Resources,android.content.res.XmlResourceParser,android.content.pm.parsing.result.ParseInput)>"
ParsedApexSystemServiceImpl,initOrder,TypedArray,getInt,false,index_1,false,,false,"<com.android.internal.pm.pkg.component.ParsedApexSystemServiceUtils: android.content.pm.parsing.result.ParseResult parseApexSystemService(android.content.res.Resources,android.content.res.XmlResourceParser,android.content.pm.parsing.result.ParseInput)>"
ParsedApexSystemServiceImpl,jarPath,TypedArray,getString,false,index_2,false,,false,"<com.android.internal.pm.pkg.component.ParsedApexSystemServiceUtils: android.content.pm.parsing.result.ParseResult parseApexSystemService(android.content.res.Resources,android.content.res.XmlResourceParser,android.content.pm.parsing.result.ParseInput)>"
ParsedMainComponentImpl,directBootAware,TypedArray,getBoolean,false,index_-1|index_42|index_18|index_13,false,,false,"<com.android.internal.pm.pkg.component.ParsedMainComponentUtils: android.content.pm.parsing.result.ParseResult parseMainComponent(com.android.internal.pm.pkg.component.ParsedMainComponentImpl,java.lang.String,java.lang.String[],com.android.internal.pm.pkg.parsing.ParsingPackage,android.content.res.TypedArray,int,boolean,java.lang.String,android.content.pm.parsing.result.ParseInput,int,int,int,int,int,int,int,int,int,int,int,int)>"
ParsedMainComponentImpl,enabled,TypedArray,getBoolean,false,index_4|index_5|index_6,false,,false,"<com.android.internal.pm.pkg.component.ParsedMainComponentUtils: android.content.pm.parsing.result.ParseResult parseMainComponent(com.android.internal.pm.pkg.component.ParsedMainComponentImpl,java.lang.String,java.lang.String[],com.android.internal.pm.pkg.parsing.ParsingPackage,android.content.res.TypedArray,int,boolean,java.lang.String,android.content.pm.parsing.result.ParseInput,int,int,int,int,int,int,int,int,int,int,int,int)>"
ParsedMainComponentImpl,processName,TypedArray,getNonResourceString,false,index_-1|index_7|index_8|index_6,false,,false,"<com.android.internal.pm.pkg.component.ParsedMainComponentUtils: android.content.pm.parsing.result.ParseResult parseMainComponent(com.android.internal.pm.pkg.component.ParsedMainComponentImpl,java.lang.String,java.lang.String[],com.android.internal.pm.pkg.parsing.ParsingPackage,android.content.res.TypedArray,int,boolean,java.lang.String,android.content.pm.parsing.result.ParseInput,int,int,int,int,int,int,int,int,int,int,int,int)>"
ParsedMainComponentImpl,splitName,TypedArray,getNonConfigurationString,false,index_-1|index_48|index_21|index_17,false,,false,"<com.android.internal.pm.pkg.component.ParsedMainComponentUtils: android.content.pm.parsing.result.ParseResult parseMainComponent(com.android.internal.pm.pkg.component.ParsedMainComponentImpl,java.lang.String,java.lang.String[],com.android.internal.pm.pkg.parsing.ParsingPackage,android.content.res.TypedArray,int,boolean,java.lang.String,android.content.pm.parsing.result.ParseInput,int,int,int,int,int,int,int,int,int,int,int,int)>"
