InfoClass,InfoField,ParsedClass,ParsedField,ParsedGetter,ExtractClass,ExtractMethod,IsReference,StyleableAttr,IsFromBundle,IsMetaData,BundleKey,ParseSourceMethod,GenerateMethod
ComponentInfo,descriptionRes,ParsedComponent,descriptionRes,getDescriptionRes(),TypedArray,getResourceId,true,index_5|index_4|index_-1,false,false,,""<com.android.internal.pm.pkg.component.ParsedComponentUtils: android.content.pm.parsing.result.ParseResult parseComponent(com.android.internal.pm.pkg.component.ParsedComponentImpl,java.lang.String,com.android.internal.pm.pkg.parsing.ParsingPackage,android.content.res.TypedArray,boolean,android.content.pm.parsing.result.ParseInput,int,int,int,int,int,int,int)>"",""<com.android.server.pm.parsing.PackageInfoUtils: void assignFieldsComponentInfoParsedMainComponent(android.content.pm.ComponentInfo,com.android.internal.pm.pkg.component.ParsedMainComponent)>""
ComponentInfo,directBootAware,ParsedMainComponent,directBootAware,isDirectBootAware(),TypedArray,getBoolean,false,index_-1|index_42|index_18|index_13,false,false,,""<com.android.internal.pm.pkg.component.ParsedMainComponentUtils: android.content.pm.parsing.result.ParseResult parseMainComponent(com.android.internal.pm.pkg.component.ParsedMainComponentImpl,java.lang.String,java.lang.String[],com.android.internal.pm.pkg.parsing.ParsingPackage,android.content.res.TypedArray,int,boolean,java.lang.String,android.content.pm.parsing.result.ParseInput,int,int,int,int,int,int,int,int,int,int,int,int)>"",""<com.android.server.pm.parsing.PackageInfoUtils: void assignFieldsComponentInfoParsedMainComponent(android.content.pm.ComponentInfo,com.android.internal.pm.pkg.component.ParsedMainComponent)>""
ComponentInfo,enabled,ParsedMainComponent,enabled,isEnabled(),TypedArray,getBoolean,false,index_4|index_5|index_6,false,false,,""<com.android.internal.pm.pkg.component.ParsedMainComponentUtils: android.content.pm.parsing.result.ParseResult parseMainComponent(com.android.internal.pm.pkg.component.ParsedMainComponentImpl,java.lang.String,java.lang.String[],com.android.internal.pm.pkg.parsing.ParsingPackage,android.content.res.TypedArray,int,boolean,java.lang.String,android.content.pm.parsing.result.ParseInput,int,int,int,int,int,int,int,int,int,int,int,int)>"",""<com.android.server.pm.parsing.PackageInfoUtils: void assignFieldsComponentInfoParsedMainComponent(android.content.pm.ComponentInfo,com.android.internal.pm.pkg.component.ParsedMainComponent)>""
ComponentInfo,splitName,ParsedMainComponent,splitName,getSplitName(),TypedArray,getNonConfigurationString,false,index_-1|index_48|index_21|index_17,false,false,,""<com.android.internal.pm.pkg.component.ParsedMainComponentUtils: android.content.pm.parsing.result.ParseResult parseMainComponent(com.android.internal.pm.pkg.component.ParsedMainComponentImpl,java.lang.String,java.lang.String[],com.android.internal.pm.pkg.parsing.ParsingPackage,android.content.res.TypedArray,int,boolean,java.lang.String,android.content.pm.parsing.result.ParseInput,int,int,int,int,int,int,int,int,int,int,int,int)>"",""<com.android.server.pm.parsing.PackageInfoUtils: void assignFieldsComponentInfoParsedMainComponent(android.content.pm.ComponentInfo,com.android.internal.pm.pkg.component.ParsedMainComponent)>""
ComponentInfo,attributionTags,ParsedMainComponent,attributionTags,getAttributionTags(),?,?,false,,false,false,,"",""<com.android.server.pm.parsing.PackageInfoUtils: void assignFieldsComponentInfoParsedMainComponent(android.content.pm.ComponentInfo,com.android.internal.pm.pkg.component.ParsedMainComponent)>""
PackageItemInfo,banner,ParsedComponent,banner,getBanner(),TypedArray,getResourceId,true,index_5,false,false,,""<android.content.pm.PackageParser: boolean parseIntent(android.content.res.Resources,android.content.res.XmlResourceParser,boolean,boolean,android.content.pm.PackageParser$IntentInfo,java.lang.String[])>"",""<com.android.server.pm.parsing.PackageInfoUtils: void assignFieldsPackageItemInfoParsedComponent(android.content.pm.PackageItemInfo,com.android.internal.pm.pkg.component.ParsedComponent)>""
PackageItemInfo,labelRes,ParsedComponent,labelRes,getLabelRes(),TypedValue,resourceId(field),true,index_0,false,false,,""<android.content.pm.PackageParser: boolean parseIntent(android.content.res.Resources,android.content.res.XmlResourceParser,boolean,boolean,android.content.pm.PackageParser$IntentInfo,java.lang.String[])>"",""<com.android.server.pm.parsing.PackageInfoUtils: void assignFieldsPackageItemInfoParsedComponent(android.content.pm.PackageItemInfo,com.android.internal.pm.pkg.component.ParsedComponent)>""
PackageItemInfo,logo,ParsedComponent,logo,getLogo(),TypedArray,getResourceId,true,index_4,false,false,,""<android.content.pm.PackageParser: boolean parseIntent(android.content.res.Resources,android.content.res.XmlResourceParser,boolean,boolean,android.content.pm.PackageParser$IntentInfo,java.lang.String[])>"",""<com.android.server.pm.parsing.PackageInfoUtils: void assignFieldsPackageItemInfoParsedComponent(android.content.pm.PackageItemInfo,com.android.internal.pm.pkg.component.ParsedComponent)>""
PackageItemInfo,name,ParsedComponent,name,getName(),TypedArray,getNonConfigurationString,false,index_2,false,false,,""<com.android.internal.pm.pkg.component.ParsedComponentUtils: android.content.pm.parsing.result.ParseResult parseComponent(com.android.internal.pm.pkg.component.ParsedComponentImpl,java.lang.String,com.android.internal.pm.pkg.parsing.ParsingPackage,android.content.res.TypedArray,boolean,android.content.pm.parsing.result.ParseInput,int,int,int,int,int,int,int)>"",""<com.android.server.pm.parsing.PackageInfoUtils: void assignFieldsPackageItemInfoParsedComponent(android.content.pm.PackageItemInfo,com.android.internal.pm.pkg.component.ParsedComponent)>""
PackageItemInfo,packageName,ParsedComponent,packageName,getPackageName(),?,?,false,,false,false,,"",""<com.android.server.pm.parsing.PackageInfoUtils: void assignFieldsPackageItemInfoParsedComponent(android.content.pm.PackageItemInfo,com.android.internal.pm.pkg.component.ParsedComponent)>""
ActivityInfo,targetActivity,ParsedActivity,targetActivity,getTargetActivity(),?,?,false,,false,false,,"",""<com.android.server.pm.parsing.PackageInfoUtils: android.content.pm.ActivityInfo generateActivityInfo(com.android.server.pm.pkg.AndroidPackage,com.android.internal.pm.pkg.component.ParsedActivity,long,com.android.server.pm.pkg.PackageUserStateInternal,android.content.pm.ApplicationInfo,int,com.android.server.pm.pkg.PackageStateInternal)>""
ComponentInfo,processName,ParsedMainComponent,processName,getProcessName(),TypedArray,getNonResourceString,false,index_11,false,false,,""<com.android.internal.pm.pkg.parsing.ParsingPackageUtils: android.content.pm.parsing.result.ParseResult parseBaseApplication(android.content.pm.parsing.result.ParseInput,com.android.internal.pm.pkg.parsing.ParsingPackage,android.content.res.Resources,android.content.res.XmlResourceParser,int,boolean)>"",""<com.android.server.pm.parsing.PackageInfoUtils: android.content.pm.ActivityInfo generateActivityInfo(com.android.server.pm.pkg.AndroidPackage,com.android.internal.pm.pkg.component.ParsedActivity,long,com.android.server.pm.pkg.PackageUserStateInternal,android.content.pm.ApplicationInfo,int,com.android.server.pm.pkg.PackageStateInternal)>""
ComponentInfo,exported,ParsedMainComponent,exported,isExported(),TypedArray,getBoolean,false,index_7,false,false,,""<com.android.internal.pm.pkg.component.ParsedProviderUtils: android.content.pm.parsing.result.ParseResult parseProvider(java.lang.String[],com.android.internal.pm.pkg.parsing.ParsingPackage,android.content.res.Resources,android.content.res.XmlResourceParser,int,boolean,java.lang.String,android.content.pm.parsing.result.ParseInput)>"",""<com.android.server.pm.parsing.PackageInfoUtils: android.content.pm.ActivityInfo generateActivityInfo(com.android.server.pm.pkg.AndroidPackage,com.android.internal.pm.pkg.component.ParsedActivity,long,com.android.server.pm.pkg.PackageUserStateInternal,android.content.pm.ApplicationInfo,int,com.android.server.pm.pkg.PackageStateInternal)>""
ActivityInfo,theme,ParsedActivity,theme,getTheme(),TypedArray,getResourceId,true,index_0,false,false,,""<com.android.internal.pm.pkg.component.ParsedActivityUtils: android.content.pm.parsing.result.ParseResult parseActivityOrReceiver(java.lang.String[],com.android.internal.pm.pkg.parsing.ParsingPackage,android.content.res.Resources,android.content.res.XmlResourceParser,int,boolean,java.lang.String,android.content.pm.parsing.result.ParseInput)>"",""<com.android.server.pm.parsing.PackageInfoUtils: android.content.pm.ActivityInfo generateActivityInfo(com.android.server.pm.pkg.AndroidPackage,com.android.internal.pm.pkg.component.ParsedActivity,long,com.android.server.pm.pkg.PackageUserStateInternal,android.content.pm.ApplicationInfo,int,com.android.server.pm.pkg.PackageStateInternal)>""
ActivityInfo,uiOptions,ParsedActivity,uiOptions,getUiOptions(),TypedArray,getInt,false,index_26,false,false,,""<com.android.internal.pm.pkg.component.ParsedActivityUtils: android.content.pm.parsing.result.ParseResult parseActivityOrReceiver(java.lang.String[],com.android.internal.pm.pkg.parsing.ParsingPackage,android.content.res.Resources,android.content.res.XmlResourceParser,int,boolean,java.lang.String,android.content.pm.parsing.result.ParseInput)>"",""<com.android.server.pm.parsing.PackageInfoUtils: android.content.pm.ActivityInfo generateActivityInfo(com.android.server.pm.pkg.AndroidPackage,com.android.internal.pm.pkg.component.ParsedActivity,long,com.android.server.pm.pkg.PackageUserStateInternal,android.content.pm.ApplicationInfo,int,com.android.server.pm.pkg.PackageStateInternal)>""
ActivityInfo,parentActivityName,ParsedActivity,parentActivityName,getParentActivityName(),?,?,false,,false,false,,"",""<com.android.server.pm.parsing.PackageInfoUtils: android.content.pm.ActivityInfo generateActivityInfo(com.android.server.pm.pkg.AndroidPackage,com.android.internal.pm.pkg.component.ParsedActivity,long,com.android.server.pm.pkg.PackageUserStateInternal,android.content.pm.ApplicationInfo,int,com.android.server.pm.pkg.PackageStateInternal)>""
ActivityInfo,permission,ParsedActivity,permission,getPermission(),?,?,false,,false,false,,"",""<com.android.server.pm.parsing.PackageInfoUtils: android.content.pm.ActivityInfo generateActivityInfo(com.android.server.pm.pkg.AndroidPackage,com.android.internal.pm.pkg.component.ParsedActivity,long,com.android.server.pm.pkg.PackageUserStateInternal,android.content.pm.ApplicationInfo,int,com.android.server.pm.pkg.PackageStateInternal)>""
ActivityInfo,taskAffinity,ParsedActivity,taskAffinity,getTaskAffinity(),TypedArray,getNonResourceString,false,index_12,false,false,,""<com.android.internal.pm.pkg.parsing.ParsingPackageUtils: android.content.pm.parsing.result.ParseResult parseBaseApplication(android.content.pm.parsing.result.ParseInput,com.android.internal.pm.pkg.parsing.ParsingPackage,android.content.res.Resources,android.content.res.XmlResourceParser,int,boolean)>"",""<com.android.server.pm.parsing.PackageInfoUtils: android.content.pm.ActivityInfo generateActivityInfo(com.android.server.pm.pkg.AndroidPackage,com.android.internal.pm.pkg.component.ParsedActivity,long,com.android.server.pm.pkg.PackageUserStateInternal,android.content.pm.ApplicationInfo,int,com.android.server.pm.pkg.PackageStateInternal)>""
ActivityInfo,flags,ParsedComponent,flags,getFlags(),TypedArray,getResourceId,true,index_11,false,false,,""<com.android.internal.pm.pkg.component.ParsedPermissionUtils: android.content.pm.parsing.result.ParseResult parsePermission(com.android.internal.pm.pkg.parsing.ParsingPackage,android.content.res.Resources,android.content.res.XmlResourceParser,boolean,android.content.pm.parsing.result.ParseInput)>"",""<com.android.server.pm.parsing.PackageInfoUtils: android.content.pm.ActivityInfo generateActivityInfo(com.android.server.pm.pkg.AndroidPackage,com.android.internal.pm.pkg.component.ParsedActivity,long,com.android.server.pm.pkg.PackageUserStateInternal,android.content.pm.ApplicationInfo,int,com.android.server.pm.pkg.PackageStateInternal)>""
ActivityInfo,privateFlags,ParsedActivity,privateFlags,getPrivateFlags(),TypedArray,getInt,false,index_16,false,false,,""<com.android.internal.pm.pkg.component.ParsedActivityUtils: android.content.pm.parsing.result.ParseResult parseActivityOrReceiver(java.lang.String[],com.android.internal.pm.pkg.parsing.ParsingPackage,android.content.res.Resources,android.content.res.XmlResourceParser,int,boolean,java.lang.String,android.content.pm.parsing.result.ParseInput)>"",""<com.android.server.pm.parsing.PackageInfoUtils: android.content.pm.ActivityInfo generateActivityInfo(com.android.server.pm.pkg.AndroidPackage,com.android.internal.pm.pkg.component.ParsedActivity,long,com.android.server.pm.pkg.PackageUserStateInternal,android.content.pm.ApplicationInfo,int,com.android.server.pm.pkg.PackageStateInternal)>""
ActivityInfo,launchMode,ParsedActivity,launchMode,getLaunchMode(),TypedArray,getInt,false,index_14,false,false,,""<com.android.internal.pm.pkg.component.ParsedActivityUtils: android.content.pm.parsing.result.ParseResult parseActivityOrReceiver(java.lang.String[],com.android.internal.pm.pkg.parsing.ParsingPackage,android.content.res.Resources,android.content.res.XmlResourceParser,int,boolean,java.lang.String,android.content.pm.parsing.result.ParseInput)>"",""<com.android.server.pm.parsing.PackageInfoUtils: android.content.pm.ActivityInfo generateActivityInfo(com.android.server.pm.pkg.AndroidPackage,com.android.internal.pm.pkg.component.ParsedActivity,long,com.android.server.pm.pkg.PackageUserStateInternal,android.content.pm.ApplicationInfo,int,com.android.server.pm.pkg.PackageStateInternal)>""
ActivityInfo,documentLaunchMode,ParsedActivity,documentLaunchMode,getDocumentLaunchMode(),TypedArray,getInt,false,index_33,false,false,,""<com.android.internal.pm.pkg.component.ParsedActivityUtils: android.content.pm.parsing.result.ParseResult parseActivityOrReceiver(java.lang.String[],com.android.internal.pm.pkg.parsing.ParsingPackage,android.content.res.Resources,android.content.res.XmlResourceParser,int,boolean,java.lang.String,android.content.pm.parsing.result.ParseInput)>"",""<com.android.server.pm.parsing.PackageInfoUtils: android.content.pm.ActivityInfo generateActivityInfo(com.android.server.pm.pkg.AndroidPackage,com.android.internal.pm.pkg.component.ParsedActivity,long,com.android.server.pm.pkg.PackageUserStateInternal,android.content.pm.ApplicationInfo,int,com.android.server.pm.pkg.PackageStateInternal)>""
ActivityInfo,maxRecents,ParsedActivity,maxRecents,getMaxRecents(),TypedArray,getInt,false,index_34,false,false,,""<com.android.internal.pm.pkg.component.ParsedActivityUtils: android.content.pm.parsing.result.ParseResult parseActivityOrReceiver(java.lang.String[],com.android.internal.pm.pkg.parsing.ParsingPackage,android.content.res.Resources,android.content.res.XmlResourceParser,int,boolean,java.lang.String,android.content.pm.parsing.result.ParseInput)>"",""<com.android.server.pm.parsing.PackageInfoUtils: android.content.pm.ActivityInfo generateActivityInfo(com.android.server.pm.pkg.AndroidPackage,com.android.internal.pm.pkg.component.ParsedActivity,long,com.android.server.pm.pkg.PackageUserStateInternal,android.content.pm.ApplicationInfo,int,com.android.server.pm.pkg.PackageStateInternal)>""
ActivityInfo,configChanges,ParsedActivity,configChanges,getConfigChanges(),TypedArray,getInt,false,index_16,false,false,,""<com.android.internal.pm.pkg.component.ParsedActivityUtils: android.content.pm.parsing.result.ParseResult parseActivityOrReceiver(java.lang.String[],com.android.internal.pm.pkg.parsing.ParsingPackage,android.content.res.Resources,android.content.res.XmlResourceParser,int,boolean,java.lang.String,android.content.pm.parsing.result.ParseInput)>"",""<com.android.server.pm.parsing.PackageInfoUtils: android.content.pm.ActivityInfo generateActivityInfo(com.android.server.pm.pkg.AndroidPackage,com.android.internal.pm.pkg.component.ParsedActivity,long,com.android.server.pm.pkg.PackageUserStateInternal,android.content.pm.ApplicationInfo,int,com.android.server.pm.pkg.PackageStateInternal)>""
ActivityInfo,softInputMode,ParsedActivity,softInputMode,getSoftInputMode(),TypedArray,getInt,false,index_20,false,false,,""<com.android.internal.pm.pkg.component.ParsedActivityUtils: android.content.pm.parsing.result.ParseResult parseActivityOrReceiver(java.lang.String[],com.android.internal.pm.pkg.parsing.ParsingPackage,android.content.res.Resources,android.content.res.XmlResourceParser,int,boolean,java.lang.String,android.content.pm.parsing.result.ParseInput)>"",""<com.android.server.pm.parsing.PackageInfoUtils: android.content.pm.ActivityInfo generateActivityInfo(com.android.server.pm.pkg.AndroidPackage,com.android.internal.pm.pkg.component.ParsedActivity,long,com.android.server.pm.pkg.PackageUserStateInternal,android.content.pm.ApplicationInfo,int,com.android.server.pm.pkg.PackageStateInternal)>""
ActivityInfo,persistableMode,ParsedActivity,persistableMode,getPersistableMode(),TypedArray,getInteger,false,index_32,false,false,,""<com.android.internal.pm.pkg.component.ParsedActivityUtils: android.content.pm.parsing.result.ParseResult parseActivityOrReceiver(java.lang.String[],com.android.internal.pm.pkg.parsing.ParsingPackage,android.content.res.Resources,android.content.res.XmlResourceParser,int,boolean,java.lang.String,android.content.pm.parsing.result.ParseInput)>"",""<com.android.server.pm.parsing.PackageInfoUtils: android.content.pm.ActivityInfo generateActivityInfo(com.android.server.pm.pkg.AndroidPackage,com.android.internal.pm.pkg.component.ParsedActivity,long,com.android.server.pm.pkg.PackageUserStateInternal,android.content.pm.ApplicationInfo,int,com.android.server.pm.pkg.PackageStateInternal)>""
ActivityInfo,lockTaskLaunchMode,ParsedActivity,lockTaskLaunchMode,getLockTaskLaunchMode(),TypedArray,getInt,false,index_38,false,false,,""<com.android.internal.pm.pkg.component.ParsedActivityUtils: android.content.pm.parsing.result.ParseResult parseActivityOrReceiver(java.lang.String[],com.android.internal.pm.pkg.parsing.ParsingPackage,android.content.res.Resources,android.content.res.XmlResourceParser,int,boolean,java.lang.String,android.content.pm.parsing.result.ParseInput)>"",""<com.android.server.pm.parsing.PackageInfoUtils: android.content.pm.ActivityInfo generateActivityInfo(com.android.server.pm.pkg.AndroidPackage,com.android.internal.pm.pkg.component.ParsedActivity,long,com.android.server.pm.pkg.PackageUserStateInternal,android.content.pm.ApplicationInfo,int,com.android.server.pm.pkg.PackageStateInternal)>""
ActivityInfo,screenOrientation,ParsedActivity,screenOrientation,getScreenOrientation(),TypedArray,getInt,false,index_15,false,false,,""<com.android.internal.pm.pkg.component.ParsedActivityUtils: android.content.pm.parsing.result.ParseResult parseActivityOrReceiver(java.lang.String[],com.android.internal.pm.pkg.parsing.ParsingPackage,android.content.res.Resources,android.content.res.XmlResourceParser,int,boolean,java.lang.String,android.content.pm.parsing.result.ParseInput)>"",""<com.android.server.pm.parsing.PackageInfoUtils: android.content.pm.ActivityInfo generateActivityInfo(com.android.server.pm.pkg.AndroidPackage,com.android.internal.pm.pkg.component.ParsedActivity,long,com.android.server.pm.pkg.PackageUserStateInternal,android.content.pm.ApplicationInfo,int,com.android.server.pm.pkg.PackageStateInternal)>""
ActivityInfo,resizeMode,ParsedActivity,resizeMode,getResizeMode(),TypedArray,getInt,false,index_16,false,false,,""<com.android.internal.pm.pkg.component.ParsedActivityUtils: android.content.pm.parsing.result.ParseResult parseActivityOrReceiver(java.lang.String[],com.android.internal.pm.pkg.parsing.ParsingPackage,android.content.res.Resources,android.content.res.XmlResourceParser,int,boolean,java.lang.String,android.content.pm.parsing.result.ParseInput)>"",""<com.android.server.pm.parsing.PackageInfoUtils: android.content.pm.ActivityInfo generateActivityInfo(com.android.server.pm.pkg.AndroidPackage,com.android.internal.pm.pkg.component.ParsedActivity,long,com.android.server.pm.pkg.PackageUserStateInternal,android.content.pm.ApplicationInfo,int,com.android.server.pm.pkg.PackageStateInternal)>""
ActivityInfo,maxAspectRatio,ParsedActivity,maxAspectRatio,getMaxAspectRatio(),TypedArray,getInt,false,index_16,false,false,,""<com.android.internal.pm.pkg.component.ParsedActivityUtils: android.content.pm.parsing.result.ParseResult parseActivityOrReceiver(java.lang.String[],com.android.internal.pm.pkg.parsing.ParsingPackage,android.content.res.Resources,android.content.res.XmlResourceParser,int,boolean,java.lang.String,android.content.pm.parsing.result.ParseInput)>"",""<com.android.server.pm.parsing.PackageInfoUtils: android.content.pm.ActivityInfo generateActivityInfo(com.android.server.pm.pkg.AndroidPackage,com.android.internal.pm.pkg.component.ParsedActivity,long,com.android.server.pm.pkg.PackageUserStateInternal,android.content.pm.ApplicationInfo,int,com.android.server.pm.pkg.PackageStateInternal)>""
ActivityInfo,minAspectRatio,ParsedActivity,minAspectRatio,getMinAspectRatio(),TypedArray,getInt,false,index_16,false,false,,""<com.android.internal.pm.pkg.component.ParsedActivityUtils: android.content.pm.parsing.result.ParseResult parseActivityOrReceiver(java.lang.String[],com.android.internal.pm.pkg.parsing.ParsingPackage,android.content.res.Resources,android.content.res.XmlResourceParser,int,boolean,java.lang.String,android.content.pm.parsing.result.ParseInput)>"",""<com.android.server.pm.parsing.PackageInfoUtils: android.content.pm.ActivityInfo generateActivityInfo(com.android.server.pm.pkg.AndroidPackage,com.android.internal.pm.pkg.component.ParsedActivity,long,com.android.server.pm.pkg.PackageUserStateInternal,android.content.pm.ApplicationInfo,int,com.android.server.pm.pkg.PackageStateInternal)>""
ActivityInfo,supportsSizeChanges,ParsedActivity,supportsSizeChanges,isSupportsSizeChanges(),?,?,false,,false,false,,"",""<com.android.server.pm.parsing.PackageInfoUtils: android.content.pm.ActivityInfo generateActivityInfo(com.android.server.pm.pkg.AndroidPackage,com.android.internal.pm.pkg.component.ParsedActivity,long,com.android.server.pm.pkg.PackageUserStateInternal,android.content.pm.ApplicationInfo,int,com.android.server.pm.pkg.PackageStateInternal)>""
ActivityInfo,requestedVrComponent,ParsedActivity,requestedVrComponent,getRequestedVrComponent(),TypedArray,getString,false,index_43,false,false,,""<com.android.internal.pm.pkg.component.ParsedActivityUtils: android.content.pm.parsing.result.ParseResult parseActivityOrReceiver(java.lang.String[],com.android.internal.pm.pkg.parsing.ParsingPackage,android.content.res.Resources,android.content.res.XmlResourceParser,int,boolean,java.lang.String,android.content.pm.parsing.result.ParseInput)>"",""<com.android.server.pm.parsing.PackageInfoUtils: android.content.pm.ActivityInfo generateActivityInfo(com.android.server.pm.pkg.AndroidPackage,com.android.internal.pm.pkg.component.ParsedActivity,long,com.android.server.pm.pkg.PackageUserStateInternal,android.content.pm.ApplicationInfo,int,com.android.server.pm.pkg.PackageStateInternal)>""
ActivityInfo,rotationAnimation,ParsedActivity,rotationAnimation,getRotationAnimation(),TypedArray,getInt,false,index_46,false,false,,""<com.android.internal.pm.pkg.component.ParsedActivityUtils: android.content.pm.parsing.result.ParseResult parseActivityOrReceiver(java.lang.String[],com.android.internal.pm.pkg.parsing.ParsingPackage,android.content.res.Resources,android.content.res.XmlResourceParser,int,boolean,java.lang.String,android.content.pm.parsing.result.ParseInput)>"",""<com.android.server.pm.parsing.PackageInfoUtils: android.content.pm.ActivityInfo generateActivityInfo(com.android.server.pm.pkg.AndroidPackage,com.android.internal.pm.pkg.component.ParsedActivity,long,com.android.server.pm.pkg.PackageUserStateInternal,android.content.pm.ApplicationInfo,int,com.android.server.pm.pkg.PackageStateInternal)>""
ActivityInfo,colorMode,ParsedActivity,colorMode,getColorMode(),TypedArray,getInt,false,index_49,false,false,,""<com.android.internal.pm.pkg.component.ParsedActivityUtils: android.content.pm.parsing.result.ParseResult parseActivityOrReceiver(java.lang.String[],com.android.internal.pm.pkg.parsing.ParsingPackage,android.content.res.Resources,android.content.res.XmlResourceParser,int,boolean,java.lang.String,android.content.pm.parsing.result.ParseInput)>"",""<com.android.server.pm.parsing.PackageInfoUtils: android.content.pm.ActivityInfo generateActivityInfo(com.android.server.pm.pkg.AndroidPackage,com.android.internal.pm.pkg.component.ParsedActivity,long,com.android.server.pm.pkg.PackageUserStateInternal,android.content.pm.ApplicationInfo,int,com.android.server.pm.pkg.PackageStateInternal)>""
ActivityInfo,windowLayout,ParsedActivity,windowLayout,getWindowLayout(),?,?,false,,false,false,,"",""<com.android.server.pm.parsing.PackageInfoUtils: android.content.pm.ActivityInfo generateActivityInfo(com.android.server.pm.pkg.AndroidPackage,com.android.internal.pm.pkg.component.ParsedActivity,long,com.android.server.pm.pkg.PackageUserStateInternal,android.content.pm.ApplicationInfo,int,com.android.server.pm.pkg.PackageStateInternal)>""
PackageItemInfo,metaData,ParsedComponent,metaData,getMetaData(),Bundle,Bundle,true,meta-data,true,true,,"",""<com.android.server.pm.parsing.PackageInfoUtils: android.content.pm.ActivityInfo generateActivityInfo(com.android.server.pm.pkg.AndroidPackage,com.android.internal.pm.pkg.component.ParsedActivity,long,com.android.server.pm.pkg.PackageUserStateInternal,android.content.pm.ApplicationInfo,int,com.android.server.pm.pkg.PackageStateInternal)>""
ActivityInfo,requiredDisplayCategory,ParsedActivity,requiredDisplayCategory,getRequiredDisplayCategory(),TypedArray,getNonConfigurationString,false,index_63,false,false,,""<com.android.internal.pm.pkg.component.ParsedActivityUtils: android.content.pm.parsing.result.ParseResult parseActivityOrReceiver(java.lang.String[],com.android.internal.pm.pkg.parsing.ParsingPackage,android.content.res.Resources,android.content.res.XmlResourceParser,int,boolean,java.lang.String,android.content.pm.parsing.result.ParseInput)>"",""<com.android.server.pm.parsing.PackageInfoUtils: android.content.pm.ActivityInfo generateActivityInfo(com.android.server.pm.pkg.AndroidPackage,com.android.internal.pm.pkg.component.ParsedActivity,long,com.android.server.pm.pkg.PackageUserStateInternal,android.content.pm.ApplicationInfo,int,com.android.server.pm.pkg.PackageStateInternal)>""
ActivityInfo,requireContentUriPermissionFromCaller,ParsedActivity,requireContentUriPermissionFromCaller,getRequireContentUriPermissionFromCaller(),TypedArray,getInt,false,index_65,false,false,,""<com.android.internal.pm.pkg.component.ParsedActivityUtils: android.content.pm.parsing.result.ParseResult parseActivityOrReceiver(java.lang.String[],com.android.internal.pm.pkg.parsing.ParsingPackage,android.content.res.Resources,android.content.res.XmlResourceParser,int,boolean,java.lang.String,android.content.pm.parsing.result.ParseInput)>"",""<com.android.server.pm.parsing.PackageInfoUtils: android.content.pm.ActivityInfo generateActivityInfo(com.android.server.pm.pkg.AndroidPackage,com.android.internal.pm.pkg.component.ParsedActivity,long,com.android.server.pm.pkg.PackageUserStateInternal,android.content.pm.ApplicationInfo,int,com.android.server.pm.pkg.PackageStateInternal)>""
ActivityInfo,knownActivityEmbeddingCerts,ParsedActivity,knownActivityEmbeddingCerts,getKnownActivityEmbeddingCerts(),?,?,false,,false,false,,"",""<com.android.server.pm.parsing.PackageInfoUtils: android.content.pm.ActivityInfo generateActivityInfo(com.android.server.pm.pkg.AndroidPackage,com.android.internal.pm.pkg.component.ParsedActivity,long,com.android.server.pm.pkg.PackageUserStateInternal,android.content.pm.ApplicationInfo,int,com.android.server.pm.pkg.PackageStateInternal)>""
InstrumentationInfo,targetPackage,ParsedInstrumentation,targetPackage,getTargetPackage(),TypedArray,getNonResourceString,false,index_3,false,false,,""<com.android.internal.pm.pkg.component.ParsedInstrumentationUtils: android.content.pm.parsing.result.ParseResult parseInstrumentation(com.android.internal.pm.pkg.parsing.ParsingPackage,android.content.res.Resources,android.content.res.XmlResourceParser,boolean,android.content.pm.parsing.result.ParseInput)>"",""<com.android.server.pm.parsing.PackageInfoUtils: android.content.pm.InstrumentationInfo generateInstrumentationInfo(com.android.internal.pm.pkg.component.ParsedInstrumentation,com.android.server.pm.pkg.AndroidPackage,long,com.android.server.pm.pkg.PackageUserStateInternal,int,com.android.server.pm.pkg.PackageStateInternal)>""
InstrumentationInfo,targetProcesses,ParsedInstrumentation,targetProcesses,getTargetProcesses(),TypedArray,getNonResourceString,false,index_9,false,false,,""<com.android.internal.pm.pkg.component.ParsedInstrumentationUtils: android.content.pm.parsing.result.ParseResult parseInstrumentation(com.android.internal.pm.pkg.parsing.ParsingPackage,android.content.res.Resources,android.content.res.XmlResourceParser,boolean,android.content.pm.parsing.result.ParseInput)>"",""<com.android.server.pm.parsing.PackageInfoUtils: android.content.pm.InstrumentationInfo generateInstrumentationInfo(com.android.internal.pm.pkg.component.ParsedInstrumentation,com.android.server.pm.pkg.AndroidPackage,long,com.android.server.pm.pkg.PackageUserStateInternal,int,com.android.server.pm.pkg.PackageStateInternal)>""
InstrumentationInfo,handleProfiling,ParsedInstrumentation,handleProfiling,isHandleProfiling(),TypedArray,getBoolean,false,index_4,false,false,,""<com.android.internal.pm.pkg.component.ParsedInstrumentationUtils: android.content.pm.parsing.result.ParseResult parseInstrumentation(com.android.internal.pm.pkg.parsing.ParsingPackage,android.content.res.Resources,android.content.res.XmlResourceParser,boolean,android.content.pm.parsing.result.ParseInput)>"",""<com.android.server.pm.parsing.PackageInfoUtils: android.content.pm.InstrumentationInfo generateInstrumentationInfo(com.android.internal.pm.pkg.component.ParsedInstrumentation,com.android.server.pm.pkg.AndroidPackage,long,com.android.server.pm.pkg.PackageUserStateInternal,int,com.android.server.pm.pkg.PackageStateInternal)>""
InstrumentationInfo,functionalTest,ParsedInstrumentation,functionalTest,isFunctionalTest(),TypedArray,getBoolean,false,index_5,false,false,,""<com.android.internal.pm.pkg.component.ParsedInstrumentationUtils: android.content.pm.parsing.result.ParseResult parseInstrumentation(com.android.internal.pm.pkg.parsing.ParsingPackage,android.content.res.Resources,android.content.res.XmlResourceParser,boolean,android.content.pm.parsing.result.ParseInput)>"",""<com.android.server.pm.parsing.PackageInfoUtils: android.content.pm.InstrumentationInfo generateInstrumentationInfo(com.android.internal.pm.pkg.component.ParsedInstrumentation,com.android.server.pm.pkg.AndroidPackage,long,com.android.server.pm.pkg.PackageUserStateInternal,int,com.android.server.pm.pkg.PackageStateInternal)>""
InstrumentationInfo,sourceDir,ParsedInstrumentation,targetProcesses,getTargetProcesses(),TypedArray,getNonResourceString,false,index_9,false,false,,""<com.android.internal.pm.pkg.component.ParsedInstrumentationUtils: android.content.pm.parsing.result.ParseResult parseInstrumentation(com.android.internal.pm.pkg.parsing.ParsingPackage,android.content.res.Resources,android.content.res.XmlResourceParser,boolean,android.content.pm.parsing.result.ParseInput)>"",""<com.android.server.pm.parsing.PackageInfoUtils: android.content.pm.InstrumentationInfo generateInstrumentationInfo(com.android.internal.pm.pkg.component.ParsedInstrumentation,com.android.server.pm.pkg.AndroidPackage,long,com.android.server.pm.pkg.PackageUserStateInternal,int,com.android.server.pm.pkg.PackageStateInternal)>""
InstrumentationInfo,publicSourceDir,ParsedInstrumentation,targetProcesses,getTargetProcesses(),TypedArray,getNonResourceString,false,index_9,false,false,,""<com.android.internal.pm.pkg.component.ParsedInstrumentationUtils: android.content.pm.parsing.result.ParseResult parseInstrumentation(com.android.internal.pm.pkg.parsing.ParsingPackage,android.content.res.Resources,android.content.res.XmlResourceParser,boolean,android.content.pm.parsing.result.ParseInput)>"",""<com.android.server.pm.parsing.PackageInfoUtils: android.content.pm.InstrumentationInfo generateInstrumentationInfo(com.android.internal.pm.pkg.component.ParsedInstrumentation,com.android.server.pm.pkg.AndroidPackage,long,com.android.server.pm.pkg.PackageUserStateInternal,int,com.android.server.pm.pkg.PackageStateInternal)>""
InstrumentationInfo,primaryCpuAbi,ParsedInstrumentation,targetProcesses,getTargetProcesses(),TypedArray,getNonResourceString,false,index_9,false,false,,""<com.android.internal.pm.pkg.component.ParsedInstrumentationUtils: android.content.pm.parsing.result.ParseResult parseInstrumentation(com.android.internal.pm.pkg.parsing.ParsingPackage,android.content.res.Resources,android.content.res.XmlResourceParser,boolean,android.content.pm.parsing.result.ParseInput)>"",""<com.android.server.pm.parsing.PackageInfoUtils: android.content.pm.InstrumentationInfo generateInstrumentationInfo(com.android.internal.pm.pkg.component.ParsedInstrumentation,com.android.server.pm.pkg.AndroidPackage,long,com.android.server.pm.pkg.PackageUserStateInternal,int,com.android.server.pm.pkg.PackageStateInternal)>""
InstrumentationInfo,secondaryCpuAbi,ParsedInstrumentation,targetProcesses,getTargetProcesses(),TypedArray,getNonResourceString,false,index_9,false,false,,""<com.android.internal.pm.pkg.component.ParsedInstrumentationUtils: android.content.pm.parsing.result.ParseResult parseInstrumentation(com.android.internal.pm.pkg.parsing.ParsingPackage,android.content.res.Resources,android.content.res.XmlResourceParser,boolean,android.content.pm.parsing.result.ParseInput)>"",""<com.android.server.pm.parsing.PackageInfoUtils: android.content.pm.InstrumentationInfo generateInstrumentationInfo(com.android.internal.pm.pkg.component.ParsedInstrumentation,com.android.server.pm.pkg.AndroidPackage,long,com.android.server.pm.pkg.PackageUserStateInternal,int,com.android.server.pm.pkg.PackageStateInternal)>""
InstrumentationInfo,nativeLibraryDir,ParsedInstrumentation,targetProcesses,getTargetProcesses(),TypedArray,getNonResourceString,false,index_9,false,false,,""<com.android.internal.pm.pkg.component.ParsedInstrumentationUtils: android.content.pm.parsing.result.ParseResult parseInstrumentation(com.android.internal.pm.pkg.parsing.ParsingPackage,android.content.res.Resources,android.content.res.XmlResourceParser,boolean,android.content.pm.parsing.result.ParseInput)>"",""<com.android.server.pm.parsing.PackageInfoUtils: android.content.pm.InstrumentationInfo generateInstrumentationInfo(com.android.internal.pm.pkg.component.ParsedInstrumentation,com.android.server.pm.pkg.AndroidPackage,long,com.android.server.pm.pkg.PackageUserStateInternal,int,com.android.server.pm.pkg.PackageStateInternal)>""
InstrumentationInfo,secondaryNativeLibraryDir,ParsedInstrumentation,targetProcesses,getTargetProcesses(),TypedArray,getNonResourceString,false,index_9,false,false,,""<com.android.internal.pm.pkg.component.ParsedInstrumentationUtils: android.content.pm.parsing.result.ParseResult parseInstrumentation(com.android.internal.pm.pkg.parsing.ParsingPackage,android.content.res.Resources,android.content.res.XmlResourceParser,boolean,android.content.pm.parsing.result.ParseInput)>"",""<com.android.server.pm.parsing.PackageInfoUtils: android.content.pm.InstrumentationInfo generateInstrumentationInfo(com.android.internal.pm.pkg.component.ParsedInstrumentation,com.android.server.pm.pkg.AndroidPackage,long,com.android.server.pm.pkg.PackageUserStateInternal,int,com.android.server.pm.pkg.PackageStateInternal)>""
PermissionGroupInfo,descriptionRes,ParsedComponent,descriptionRes,getDescriptionRes(),TypedArray,getResourceId,true,index_5|index_4|index_-1,false,false,,""<com.android.internal.pm.pkg.component.ParsedComponentUtils: android.content.pm.parsing.result.ParseResult parseComponent(com.android.internal.pm.pkg.component.ParsedComponentImpl,java.lang.String,com.android.internal.pm.pkg.parsing.ParsingPackage,android.content.res.TypedArray,boolean,android.content.pm.parsing.result.ParseInput,int,int,int,int,int,int,int)>"",""<com.android.server.pm.parsing.PackageInfoUtils: android.content.pm.PermissionGroupInfo generatePermissionGroupInfo(com.android.internal.pm.pkg.component.ParsedPermissionGroup,long)>""
PermissionGroupInfo,priority,ParsedPermissionGroup,priority,getPriority(),TypedArray,getInt,false,index_2,false,false,,""<android.content.pm.PackageParser: boolean parseIntent(android.content.res.Resources,android.content.res.XmlResourceParser,boolean,boolean,android.content.pm.PackageParser$IntentInfo,java.lang.String[])>"",""<com.android.server.pm.parsing.PackageInfoUtils: android.content.pm.PermissionGroupInfo generatePermissionGroupInfo(com.android.internal.pm.pkg.component.ParsedPermissionGroup,long)>""
PermissionGroupInfo,requestRes,ParsedPermissionGroup,requestRes,getRequestRes(),TypedArray,getResourceId,true,index_13,false,false,,""<com.android.internal.pm.pkg.component.ParsedPermissionUtils: android.content.pm.parsing.result.ParseResult parsePermission(com.android.internal.pm.pkg.parsing.ParsingPackage,android.content.res.Resources,android.content.res.XmlResourceParser,boolean,android.content.pm.parsing.result.ParseInput)>"",""<com.android.server.pm.parsing.PackageInfoUtils: android.content.pm.PermissionGroupInfo generatePermissionGroupInfo(com.android.internal.pm.pkg.component.ParsedPermissionGroup,long)>""
PermissionGroupInfo,flags,ParsedComponent,flags,getFlags(),TypedArray,getResourceId,true,index_11,false,false,,""<com.android.internal.pm.pkg.component.ParsedPermissionUtils: android.content.pm.parsing.result.ParseResult parsePermission(com.android.internal.pm.pkg.parsing.ParsingPackage,android.content.res.Resources,android.content.res.XmlResourceParser,boolean,android.content.pm.parsing.result.ParseInput)>"",""<com.android.server.pm.parsing.PackageInfoUtils: android.content.pm.PermissionGroupInfo generatePermissionGroupInfo(com.android.internal.pm.pkg.component.ParsedPermissionGroup,long)>""
PermissionInfo,group,ParsedPermission,group,getGroup(),TypedArray,getNonResourceString,false,index_4,false,false,,""<com.android.internal.pm.pkg.component.ParsedPermissionUtils: android.content.pm.parsing.result.ParseResult parsePermission(com.android.internal.pm.pkg.parsing.ParsingPackage,android.content.res.Resources,android.content.res.XmlResourceParser,boolean,android.content.pm.parsing.result.ParseInput)>"",""<com.android.server.pm.parsing.PackageInfoUtils: android.content.pm.PermissionInfo generatePermissionInfo(com.android.internal.pm.pkg.component.ParsedPermission,long)>""
PermissionInfo,requestRes,ParsedPermission,requestRes,getRequestRes(),TypedArray,getResourceId,true,index_13,false,false,,""<com.android.internal.pm.pkg.component.ParsedPermissionUtils: android.content.pm.parsing.result.ParseResult parsePermission(com.android.internal.pm.pkg.parsing.ParsingPackage,android.content.res.Resources,android.content.res.XmlResourceParser,boolean,android.content.pm.parsing.result.ParseInput)>"",""<com.android.server.pm.parsing.PackageInfoUtils: android.content.pm.PermissionInfo generatePermissionInfo(com.android.internal.pm.pkg.component.ParsedPermission,long)>""
PermissionInfo,protectionLevel,ParsedPermission,protectionLevel,getProtectionLevel(),TypedArray,getResourceId,true,index_11,false,false,,""<com.android.internal.pm.pkg.component.ParsedPermissionUtils: android.content.pm.parsing.result.ParseResult parsePermission(com.android.internal.pm.pkg.parsing.ParsingPackage,android.content.res.Resources,android.content.res.XmlResourceParser,boolean,android.content.pm.parsing.result.ParseInput)>"",""<com.android.server.pm.parsing.PackageInfoUtils: android.content.pm.PermissionInfo generatePermissionInfo(com.android.internal.pm.pkg.component.ParsedPermission,long)>""
PermissionInfo,descriptionRes,ParsedComponent,descriptionRes,getDescriptionRes(),TypedArray,getResourceId,true,index_5|index_4|index_-1,false,false,,""<com.android.internal.pm.pkg.component.ParsedComponentUtils: android.content.pm.parsing.result.ParseResult parseComponent(com.android.internal.pm.pkg.component.ParsedComponentImpl,java.lang.String,com.android.internal.pm.pkg.parsing.ParsingPackage,android.content.res.TypedArray,boolean,android.content.pm.parsing.result.ParseInput,int,int,int,int,int,int,int)>"",""<com.android.server.pm.parsing.PackageInfoUtils: android.content.pm.PermissionInfo generatePermissionInfo(com.android.internal.pm.pkg.component.ParsedPermission,long)>""
PermissionInfo,flags,ParsedComponent,flags,getFlags(),TypedArray,getResourceId,true,index_11,false,false,,""<com.android.internal.pm.pkg.component.ParsedPermissionUtils: android.content.pm.parsing.result.ParseResult parsePermission(com.android.internal.pm.pkg.parsing.ParsingPackage,android.content.res.Resources,android.content.res.XmlResourceParser,boolean,android.content.pm.parsing.result.ParseInput)>"",""<com.android.server.pm.parsing.PackageInfoUtils: android.content.pm.PermissionInfo generatePermissionInfo(com.android.internal.pm.pkg.component.ParsedPermission,long)>""
PermissionInfo,knownCerts,ParsedPermission,knownCerts,getKnownCerts(),Resources,getStringArray,false,dynamic,false,false,,""<com.android.internal.pm.pkg.component.ParsedPermissionUtils: android.content.pm.parsing.result.ParseResult parsePermission(com.android.internal.pm.pkg.parsing.ParsingPackage,android.content.res.Resources,android.content.res.XmlResourceParser,boolean,android.content.pm.parsing.result.ParseInput)>"",""<com.android.server.pm.parsing.PackageInfoUtils: android.content.pm.PermissionInfo generatePermissionInfo(com.android.internal.pm.pkg.component.ParsedPermission,long)>""
ProviderInfo,flags,ParsedComponent,flags,getFlags(),TypedArray,getResourceId,true,index_11,false,false,,""<com.android.internal.pm.pkg.component.ParsedPermissionUtils: android.content.pm.parsing.result.ParseResult parsePermission(com.android.internal.pm.pkg.parsing.ParsingPackage,android.content.res.Resources,android.content.res.XmlResourceParser,boolean,android.content.pm.parsing.result.ParseInput)>"",""<com.android.server.pm.parsing.PackageInfoUtils: android.content.pm.ProviderInfo generateProviderInfo(com.android.server.pm.pkg.AndroidPackage,com.android.internal.pm.pkg.component.ParsedProvider,long,com.android.server.pm.pkg.PackageUserStateInternal,android.content.pm.ApplicationInfo,int,com.android.server.pm.pkg.PackageStateInternal)>""
ProviderInfo,authority,ParsedProvider,authority,getAuthority(),TypedArray,getNonConfigurationString,false,index_10,false,false,,""<com.android.internal.pm.pkg.component.ParsedProviderUtils: android.content.pm.parsing.result.ParseResult parseProvider(java.lang.String[],com.android.internal.pm.pkg.parsing.ParsingPackage,android.content.res.Resources,android.content.res.XmlResourceParser,int,boolean,java.lang.String,android.content.pm.parsing.result.ParseInput)>"",""<com.android.server.pm.parsing.PackageInfoUtils: android.content.pm.ProviderInfo generateProviderInfo(com.android.server.pm.pkg.AndroidPackage,com.android.internal.pm.pkg.component.ParsedProvider,long,com.android.server.pm.pkg.PackageUserStateInternal,android.content.pm.ApplicationInfo,int,com.android.server.pm.pkg.PackageStateInternal)>""
ProviderInfo,isSyncable,ParsedProvider,syncable,isSyncable(),TypedArray,getBoolean,false,index_11,false,false,,""<com.android.internal.pm.pkg.component.ParsedProviderUtils: android.content.pm.parsing.result.ParseResult parseProvider(java.lang.String[],com.android.internal.pm.pkg.parsing.ParsingPackage,android.content.res.Resources,android.content.res.XmlResourceParser,int,boolean,java.lang.String,android.content.pm.parsing.result.ParseInput)>"",""<com.android.server.pm.parsing.PackageInfoUtils: android.content.pm.ProviderInfo generateProviderInfo(com.android.server.pm.pkg.AndroidPackage,com.android.internal.pm.pkg.component.ParsedProvider,long,com.android.server.pm.pkg.PackageUserStateInternal,android.content.pm.ApplicationInfo,int,com.android.server.pm.pkg.PackageStateInternal)>""
ProviderInfo,readPermission,ParsedProvider,readPermission,getReadPermission(),TypedArray,getNonConfigurationString,false,index_3,false,false,,""<com.android.internal.pm.pkg.component.ParsedProviderUtils: android.content.pm.parsing.result.ParseResult parseProvider(java.lang.String[],com.android.internal.pm.pkg.parsing.ParsingPackage,android.content.res.Resources,android.content.res.XmlResourceParser,int,boolean,java.lang.String,android.content.pm.parsing.result.ParseInput)>"",""<com.android.server.pm.parsing.PackageInfoUtils: android.content.pm.ProviderInfo generateProviderInfo(com.android.server.pm.pkg.AndroidPackage,com.android.internal.pm.pkg.component.ParsedProvider,long,com.android.server.pm.pkg.PackageUserStateInternal,android.content.pm.ApplicationInfo,int,com.android.server.pm.pkg.PackageStateInternal)>""
ProviderInfo,writePermission,ParsedProvider,writePermission,getWritePermission(),TypedArray,getNonConfigurationString,false,index_3,false,false,,""<com.android.internal.pm.pkg.component.ParsedProviderUtils: android.content.pm.parsing.result.ParseResult parseProvider(java.lang.String[],com.android.internal.pm.pkg.parsing.ParsingPackage,android.content.res.Resources,android.content.res.XmlResourceParser,int,boolean,java.lang.String,android.content.pm.parsing.result.ParseInput)>"",""<com.android.server.pm.parsing.PackageInfoUtils: android.content.pm.ProviderInfo generateProviderInfo(com.android.server.pm.pkg.AndroidPackage,com.android.internal.pm.pkg.component.ParsedProvider,long,com.android.server.pm.pkg.PackageUserStateInternal,android.content.pm.ApplicationInfo,int,com.android.server.pm.pkg.PackageStateInternal)>""
ProviderInfo,grantUriPermissions,ParsedProvider,grantUriPermissions,isGrantUriPermissions(),TypedArray,getBoolean,false,index_13,false,false,,""<com.android.internal.pm.pkg.component.ParsedProviderUtils: android.content.pm.parsing.result.ParseResult parseProvider(java.lang.String[],com.android.internal.pm.pkg.parsing.ParsingPackage,android.content.res.Resources,android.content.res.XmlResourceParser,int,boolean,java.lang.String,android.content.pm.parsing.result.ParseInput)>"",""<com.android.server.pm.parsing.PackageInfoUtils: android.content.pm.ProviderInfo generateProviderInfo(com.android.server.pm.pkg.AndroidPackage,com.android.internal.pm.pkg.component.ParsedProvider,long,com.android.server.pm.pkg.PackageUserStateInternal,android.content.pm.ApplicationInfo,int,com.android.server.pm.pkg.PackageStateInternal)>""
ProviderInfo,forceUriPermissions,ParsedProvider,forceUriPermissions,isForceUriPermissions(),TypedArray,getBoolean,false,index_22,false,false,,""<com.android.internal.pm.pkg.component.ParsedProviderUtils: android.content.pm.parsing.result.ParseResult parseProvider(java.lang.String[],com.android.internal.pm.pkg.parsing.ParsingPackage,android.content.res.Resources,android.content.res.XmlResourceParser,int,boolean,java.lang.String,android.content.pm.parsing.result.ParseInput)>"",""<com.android.server.pm.parsing.PackageInfoUtils: android.content.pm.ProviderInfo generateProviderInfo(com.android.server.pm.pkg.AndroidPackage,com.android.internal.pm.pkg.component.ParsedProvider,long,com.android.server.pm.pkg.PackageUserStateInternal,android.content.pm.ApplicationInfo,int,com.android.server.pm.pkg.PackageStateInternal)>""
ProviderInfo,multiprocess,ParsedProvider,multiProcess,isMultiProcess(),TypedArray,getBoolean,false,index_9,false,false,,""<com.android.internal.pm.pkg.component.ParsedProviderUtils: android.content.pm.parsing.result.ParseResult parseProvider(java.lang.String[],com.android.internal.pm.pkg.parsing.ParsingPackage,android.content.res.Resources,android.content.res.XmlResourceParser,int,boolean,java.lang.String,android.content.pm.parsing.result.ParseInput)>"",""<com.android.server.pm.parsing.PackageInfoUtils: android.content.pm.ProviderInfo generateProviderInfo(com.android.server.pm.pkg.AndroidPackage,com.android.internal.pm.pkg.component.ParsedProvider,long,com.android.server.pm.pkg.PackageUserStateInternal,android.content.pm.ApplicationInfo,int,com.android.server.pm.pkg.PackageStateInternal)>""
ProviderInfo,initOrder,ParsedProvider,initOrder,getInitOrder(),TypedArray,getInt,false,index_12,false,false,,""<com.android.internal.pm.pkg.component.ParsedProviderUtils: android.content.pm.parsing.result.ParseResult parseProvider(java.lang.String[],com.android.internal.pm.pkg.parsing.ParsingPackage,android.content.res.Resources,android.content.res.XmlResourceParser,int,boolean,java.lang.String,android.content.pm.parsing.result.ParseInput)>"",""<com.android.server.pm.parsing.PackageInfoUtils: android.content.pm.ProviderInfo generateProviderInfo(com.android.server.pm.pkg.AndroidPackage,com.android.internal.pm.pkg.component.ParsedProvider,long,com.android.server.pm.pkg.PackageUserStateInternal,android.content.pm.ApplicationInfo,int,com.android.server.pm.pkg.PackageStateInternal)>""
ServiceInfo,flags,ParsedComponent,flags,getFlags(),TypedArray,getResourceId,true,index_11,false,false,,""<com.android.internal.pm.pkg.component.ParsedPermissionUtils: android.content.pm.parsing.result.ParseResult parsePermission(com.android.internal.pm.pkg.parsing.ParsingPackage,android.content.res.Resources,android.content.res.XmlResourceParser,boolean,android.content.pm.parsing.result.ParseInput)>"",""<com.android.server.pm.parsing.PackageInfoUtils: android.content.pm.ServiceInfo generateServiceInfo(com.android.server.pm.pkg.AndroidPackage,com.android.internal.pm.pkg.component.ParsedService,long,com.android.server.pm.pkg.PackageUserStateInternal,android.content.pm.ApplicationInfo,int,com.android.server.pm.pkg.PackageStateInternal)>""
ServiceInfo,permission,ParsedService,permission,getPermission(),?,?,false,,false,false,,"",""<com.android.server.pm.parsing.PackageInfoUtils: android.content.pm.ServiceInfo generateServiceInfo(com.android.server.pm.pkg.AndroidPackage,com.android.internal.pm.pkg.component.ParsedService,long,com.android.server.pm.pkg.PackageUserStateInternal,android.content.pm.ApplicationInfo,int,com.android.server.pm.pkg.PackageStateInternal)>""
ServiceInfo,mForegroundServiceType,ParsedService,foregroundServiceType,getForegroundServiceType(),?,?,false,,false,false,,"",""<com.android.server.pm.parsing.PackageInfoUtils: android.content.pm.ServiceInfo generateServiceInfo(com.android.server.pm.pkg.AndroidPackage,com.android.internal.pm.pkg.component.ParsedService,long,com.android.server.pm.pkg.PackageUserStateInternal,android.content.pm.ApplicationInfo,int,com.android.server.pm.pkg.PackageStateInternal)>""
